time(millisecond),datetime,track_id,X,Y,Z,disparity
0,2025-07-27 19:03:08.132,1,0.5356356805252709,1.1626264062246068,4.803102717029762,377.25
100,2025-07-27 19:03:08.232,1,0.5331771366147113,1.1635959331169912,4.800506689417865,377.4540100097656
200,2025-07-27 19:03:08.332,1,0.5345871366946777,1.1648632526736993,4.812289167319755,376.52984619140625
300,2025-07-27 19:03:08.432,1,0.534889877143162,1.156896865679543,4.779455452312859,379.11651611328125
400,2025-07-27 19:03:08.532,1,0.5356560671280606,1.162139454579685,4.801105643059471,377.40692138671875
500,2025-07-27 19:03:08.632,1,0.5350729218520816,1.157340521093443,4.781271296933468,378.9725341796875
600,2025-07-27 19:03:08.732,1,0.5325622378478095,1.1600284278785018,4.792372946399192,378.0946350097656
700,2025-07-27 19:03:08.832,1,0.5365711986423647,1.1603566492614044,4.7937271716505885,377.9878234863281
800,2025-07-27 19:03:08.932,1,0.5357526326411246,1.1576763642901324,4.7826535409190045,378.8630065917969
900,2025-07-27 19:03:09.032,1,0.5338490610224929,1.1572370284318099,4.780838186250227,379.0068664550781
1000,2025-07-27 19:03:09.132,1,0.5337027577828419,1.1667715572404584,4.820227730739708,375.90972900390625
1100,2025-07-27 19:03:09.232,1,0.5378238088682101,1.1640970504287622,4.809178318904057,376.7734069824219
1200,2025-07-27 19:03:09.332,1,0.5410712743954075,1.1648791333969721,4.812409300764988,376.52044677734375
1300,2025-07-27 19:03:09.432,1,0.5377087528534416,1.153943726764159,4.767232379762093,380.08856201171875
1400,2025-07-27 19:03:09.532,1,0.5346222994220423,1.16610383627671,4.851346855739407,373.4984436035156
1500,2025-07-27 19:03:09.632,1,0.5374405639399219,1.1556415709785666,4.8065251377675935,376.98138427734375
1600,2025-07-27 19:03:09.732,1,0.5495015693071378,1.1411800871747764,4.85317173250736,373.3580017089844
1700,2025-07-27 19:03:09.832,1,0.5518636429444422,1.1117807696513367,4.844511227663337,374.02545166015625
1800,2025-07-27 19:03:09.932,1,0.5618506452999236,1.068207644436933,4.832963991823341,374.9190979003906
1900,2025-07-27 19:03:10.032,1,0.5698191870343877,1.044684222818008,4.835471595761706,374.72467041015625
2000,2025-07-27 19:03:10.132,1,0.57282804040399,1.006453119522771,4.848152860731885,373.7445068359375
2100,2025-07-27 19:03:10.232,1,0.5737054812177377,0.9689687358816538,4.815866876080009,376.2501220703125
2200,2025-07-27 19:03:10.332,1,0.5770447623454529,0.9284188762034764,4.852198849225939,373.432861328125
2300,2025-07-27 19:03:10.432,1,0.5747948304388552,0.8923538497038297,4.857957741284865,372.99017333984375
2400,2025-07-27 19:03:10.532,1,0.5714220682851776,0.8345451605859765,4.862373689647688,372.65142822265625
2600,2025-07-27 19:03:10.732,1,0.5640050577731048,0.7291874545256565,4.851993455346024,373.44866943359375
2700,2025-07-27 19:03:10.832,1,0.5612709183994867,0.6831087432565603,4.863047528654915,372.59979248046875
2800,2025-07-27 19:03:10.932,1,0.5557372672660525,0.6247258093581006,4.871739717674791,371.93499755859375
3000,2025-07-27 19:03:11.132,1,0.5544583202242318,0.5235543372256724,4.861801949119817,372.69525146484375
3100,2025-07-27 19:03:11.232,1,0.5537260468476192,0.4844512405599483,4.87126528398622,371.9712219238281
3200,2025-07-27 19:03:11.332,1,0.5515153374801998,0.4274245187715208,4.852133819166536,373.4378662109375
3300,2025-07-27 19:03:11.432,1,0.5491191645307907,0.38311062881998675,4.832227673286163,374.9762268066406
3400,2025-07-27 19:03:11.532,1,0.551533124700741,0.32204124799331735,4.8699044479310745,372.0751647949219
3500,2025-07-27 19:03:11.632,1,0.5497098485563185,0.27343931567726193,4.852710030329546,373.3935241699219
3700,2025-07-27 19:03:11.832,1,0.544371446502273,0.17227319148904657,4.866089694096567,372.3668518066406
3800,2025-07-27 19:03:11.932,1,0.5400254391849383,0.1221700884405743,4.899482598707757,369.8289489746094
3900,2025-07-27 19:03:12.032,1,0.5398976381454077,0.0776219852021961,4.900818352270583,369.7281494140625
4000,2025-07-27 19:03:12.132,1,0.544029925324269,0.03652688582326481,4.882130838753213,371.14337158203125
4100,2025-07-27 19:03:12.232,1,0.5464384599972973,0.0254115041477844,4.892965134933561,370.3215637207031
4200,2025-07-27 19:03:12.332,1,0.5487362374483402,0.018934212426762388,4.90005757500416,369.7855529785156
4300,2025-07-27 19:03:12.432,1,0.5517697466425597,0.018626769761573927,4.891850482743665,370.40594482421875
4400,2025-07-27 19:03:12.532,1,0.5538935120929147,0.018911433235424005,4.890491012643848,370.5089111328125
4500,2025-07-27 19:03:12.632,1,0.5551661932162424,0.02066869842149454,4.883988996296115,371.0021667480469
4600,2025-07-27 19:03:12.732,1,0.5508682454601891,0.022597786972255608,4.879469556325427,371.3457946777344
4700,2025-07-27 19:03:12.832,1,0.5478450388479769,0.021958781018946393,4.886345954018524,370.8232116699219
4800,2025-07-27 19:03:12.932,1,0.5441700941857708,0.0206192725261844,4.900834128461702,369.7269592285156
4900,2025-07-27 19:03:13.032,1,0.544235567638708,0.019478221163539852,4.901049746587024,369.710693359375
5000,2025-07-27 19:03:13.132,1,0.5474825264302272,0.019405997338240843,4.891012308700187,370.46942138671875
5100,2025-07-27 19:03:13.232,1,0.5512479413889851,0.017383933118700956,4.893814869206236,370.25726318359375
5200,2025-07-27 19:03:13.332,1,0.5550296479106305,0.013066030930220705,4.900446225423582,369.7562255859375
5300,2025-07-27 19:03:13.432,1,0.554209647713841,0.0112481191653448,4.890729892637477,370.4908142089844
5400,2025-07-27 19:03:13.532,1,0.5528766984461833,0.007729592864357255,4.90062864141415,369.7424621582031
5500,2025-07-27 19:03:13.632,1,0.5519432998915706,0.006689209274663561,4.90972172351417,369.05767822265625
5600,2025-07-27 19:03:13.732,1,0.5529023882506483,0.005711825837730257,4.920132159796469,368.27679443359375
5700,2025-07-27 19:03:13.832,1,0.5547419098472057,0.006771246844593152,4.917645971625564,368.4629821777344
5800,2025-07-27 19:03:13.932,1,0.5623851547137937,0.005821244040115508,4.910349460489618,369.010498046875
5900,2025-07-27 19:03:14.032,1,0.5664286255662565,0.00680149252249585,4.913950068177716,368.7401123046875
6000,2025-07-27 19:03:14.132,1,0.5722464550734501,0.00467244993357682,4.900834532980759,369.7269287109375
6100,2025-07-27 19:03:14.232,1,0.576842640091176,0.003327422763725747,4.893561168226081,370.2764587402344
6200,2025-07-27 19:03:14.332,1,0.5805745107278127,0.004525955094849682,4.900067684795983,369.7847900390625
6300,2025-07-27 19:03:14.432,1,0.5851604932999355,0.0054213929718740115,4.892999005735319,370.3190002441406
6400,2025-07-27 19:03:14.532,1,0.5869762053395524,0.006912907731486983,4.899660495380914,369.8155212402344
6500,2025-07-27 19:03:14.632,1,0.5857201227204663,0.008972584619924716,4.890756078204363,370.48883056640625
6600,2025-07-27 19:03:14.732,1,0.5815380141736126,0.009009740612359802,4.889781761181969,370.5626525878906
6700,2025-07-27 19:03:14.832,1,0.5753212619245284,0.008832246332851859,4.873338363932707,371.81298828125
6800,2025-07-27 19:03:14.932,1,0.5593147854245913,0.016208577110604774,4.879316780181096,371.357421875
6900,2025-07-27 19:03:15.032,1,0.5412086616800035,0.018784267127632613,4.856766810093766,373.0816345214844
7000,2025-07-27 19:03:15.132,1,0.5016342673803804,0.015338622931207201,4.82133777497077,375.82318115234375
7100,2025-07-27 19:03:15.232,1,0.4739074067031186,0.015458950425307549,4.814066818262321,376.39080810546875
7200,2025-07-27 19:03:15.332,1,0.39369814154184013,0.019350526333455492,4.839759553944168,374.3926696777344
7300,2025-07-27 19:03:15.432,1,0.3358926303616022,0.020814905515393355,4.848898792776963,373.68701171875
7400,2025-07-27 19:03:15.532,1,0.2656845839205539,0.02282468332465539,4.667615420806225,388.2004699707031
7500,2025-07-27 19:03:15.632,1,0.203115540285226,0.026182348650613578,4.766792241292947,380.1236572265625
7600,2025-07-27 19:03:15.732,1,0.09117647231634889,0.027710380438205093,4.7750677938158095,379.4648742675781
7700,2025-07-27 19:03:15.832,1,-0.0011564535305105244,0.024976086093907453,4.60340648230005,393.6151428222656
7800,2025-07-27 19:03:15.932,1,-0.1318944607991919,0.031122581155323025,4.72136294319162,383.78123474121094
7900,2025-07-27 19:03:16.032,1,-0.2451558925761976,0.032703137945310615,4.770184171891771,379.8533630371094
8000,2025-07-27 19:03:16.132,1,-0.4585897545628818,0.03066741002261159,4.811078026867235,376.6246337890625
8100,2025-07-27 19:03:16.232,1,-0.5270587263295473,0.02646985519493137,4.6375484968578045,390.7173156738281
8200,2025-07-27 19:03:16.332,1,-0.6931444848581289,0.023185670483320514,4.788384173825693,378.4095916748047
8300,2025-07-27 19:03:16.432,1,-0.8268591296582225,0.02679279444897319,4.845114887143685,373.9788513183594
8400,2025-07-27 19:03:16.532,1,-1.0054480031316408,0.024046375010787893,4.91298071733524,368.8128662109375
8500,2025-07-27 19:03:16.632,1,-1.1074536691706127,0.02360074847688224,4.845692694962528,373.9342575073242
8600,2025-07-27 19:03:16.732,1,-1.271820681505263,0.028934899531220765,5.049471825336729,358.8435707092285
8700,2025-07-27 19:03:16.832,1,-1.3115340964474358,0.03499019907927257,5.063747356275057,357.8319320678711
8800,2025-07-27 19:03:16.932,1,-1.3477551685684308,0.032840624914516024,5.1335610769399675,352.9656066894531
8900,2025-07-27 19:03:17.032,1,-1.3268904280064562,0.030592947155365317,5.09800746208735,355.42719650268555
9000,2025-07-27 19:03:17.132,1,-1.3200343654034052,0.02815947214201891,5.132417585251803,353.044246673584
9100,2025-07-27 19:03:17.232,1,-1.3050037592029413,0.026834555680083267,5.136698461884565,352.7500228881836
9200,2025-07-27 19:03:17.332,1,-1.3120098919842746,0.027685140785955464,5.256583486424722,344.7049789428711
9300,2025-07-27 19:03:17.432,1,-1.2621172028664167,0.023181265053210838,5.190808638254487,349.0728759765625
9400,2025-07-27 19:03:17.532,1,-1.1837457036928873,0.026611573283535406,5.117921649003912,354.04420471191406
9500,2025-07-27 19:03:17.632,1,-1.1253194518460639,0.028741874172669327,5.237308996438599,345.97357177734375
9600,2025-07-27 19:03:17.732,1,-1.0024797488138963,0.03221514736272771,5.270102032572342,343.82076263427734
9700,2025-07-27 19:03:17.832,1,-0.9031375850504272,0.023522677829976323,5.326666954404034,340.16966247558594
9800,2025-07-27 19:03:17.932,1,-0.7340762608538851,0.02444038847176405,5.362346562623695,337.90626525878906
9900,2025-07-27 19:03:18.032,1,-0.5780890771788342,0.02922269007673332,5.328917479238226,340.0260009765625
10000,2025-07-27 19:03:18.132,1,-0.3578120345721974,0.030679077296920626,5.36821292551095,337.53700256347656
10100,2025-07-27 19:03:18.232,1,-0.17184355195269632,0.023402355171242548,5.397253310795442,335.7208557128906
10200,2025-07-27 19:03:18.332,1,0.08858010268309385,0.02376476465973711,5.380758723086794,336.75
10300,2025-07-27 19:03:18.432,1,0.32185811553384336,0.020334898109426618,5.384050741949959,336.5440979003906
10400,2025-07-27 19:03:18.532,1,0.6107148288527241,0.01915765919936919,5.39276934523654,336.0
10500,2025-07-27 19:03:18.632,1,0.8761030738867764,0.016270559424682304,5.398995571204638,335.6125183105469
10600,2025-07-27 19:03:18.732,1,1.1925632068992718,0.012304761410746164,5.453635816401739,332.25
10700,2025-07-27 19:03:18.832,1,1.4811758447410341,0.002395026938040675,5.443529916807051,332.8668212890625
10800,2025-07-27 19:03:18.932,1,1.8022197286371353,-0.0030184880780074327,5.465974358972783,331.5
10900,2025-07-27 19:03:19.032,1,2.0453773440396374,0.0025085445760166165,5.401519670834486,335.4556884765625
11000,2025-07-27 19:03:19.132,1,2.2596686343836074,0.00737557301328067,5.298159356723619,342.0
11100,2025-07-27 19:03:19.232,1,2.385738567305525,0.005190162370887891,5.243691048993707,345.552490234375
11200,2025-07-27 19:03:19.332,1,2.4351918091111977,0.0004907611815659708,5.118560734461801,354.0
11300,2025-07-27 19:03:19.432,1,2.4854358740837665,-0.006192718568688077,5.095092304651753,355.63055419921875
11400,2025-07-27 19:03:19.532,1,2.5414939585228375,-0.008551537637903159,5.084557817178764,356.36737060546875
11500,2025-07-27 19:03:19.632,1,2.5616452521044346,-0.009858772636213074,5.0804612345027165,356.65472412109375
11600,2025-07-27 19:03:19.732,1,2.577729686933187,-0.010567380659711214,5.0985758547181,355.3875732421875
11700,2025-07-27 19:03:19.832,1,2.564097988781364,-0.020281678638309146,5.065177540659679,357.73089599609375
11800,2025-07-27 19:03:19.932,1,2.5578691410387098,-0.021723825486755787,5.053855852538629,358.53228759765625
11900,2025-07-27 19:03:20.032,1,2.560894645144924,-0.021552201510108386,5.060520288820228,358.06011962890625
12000,2025-07-27 19:03:20.132,1,2.559390855307263,-0.025940030736210148,5.061713572921918,357.9757080078125
12100,2025-07-27 19:03:20.232,1,2.575175878133731,-0.022843129195143398,5.1371263367623925,352.72064208984375
12200,2025-07-27 19:03:20.332,1,2.5284783894700515,-0.023541169913354157,5.057453810500528,358.2772216796875
12300,2025-07-27 19:03:20.432,1,2.515992124644299,-0.015332371799930782,5.071555639072135,357.281005859375
12400,2025-07-27 19:03:20.532,1,2.5568993788649155,-0.0038748737927734394,5.3286783528810195,340.041259765625
12500,2025-07-27 19:03:20.632,1,2.5442749291283997,0.003210908272905253,5.421890829182344,334.1953125
12600,2025-07-27 19:03:20.732,1,2.4944668820163427,0.01657923444760639,5.44985246475982,332.48065185546875
12700,2025-07-27 19:03:20.832,1,2.5331899378308655,0.024637439223127416,5.699848509753964,317.89801025390625
12800,2025-07-27 19:03:20.932,1,2.5994524877902863,0.05230736233640357,6.193715028798769,292.54986572265625
12900,2025-07-27 19:03:21.032,1,2.570495498182189,0.06388611912298593,6.355213451230728,285.1156005859375
13000,2025-07-27 19:03:21.132,1,2.55910373418952,0.07990331473249547,6.512511922105936,278.2291259765625
13100,2025-07-27 19:03:21.232,1,2.5528088686614954,0.09439751436648625,6.757261278516993,268.151611328125
13200,2025-07-27 19:03:21.332,1,2.604252859271503,0.12062453171448025,7.341195476879813,246.822265625
13300,2025-07-27 19:03:21.432,1,2.5586956155945773,0.12950377564140023,7.419486610229028,244.2177734375
13400,2025-07-27 19:03:21.532,1,2.607658952375888,0.15696270347983513,7.904019851019213,229.2467041015625
13500,2025-07-27 19:03:21.632,1,2.628544354849295,0.1707426655055882,8.285980184421245,218.6790771484375
13600,2025-07-27 19:03:21.732,1,2.6519465310445716,0.21120118785588168,8.893306553747776,203.74542236328125
13700,2025-07-27 19:03:21.832,1,2.628930349627324,0.22488079916651124,9.024386177611136,200.7860107421875
13800,2025-07-27 19:03:21.932,1,2.6723165616983313,0.25724120554476976,9.611922017588405,188.5128173828125
13900,2025-07-27 19:03:22.032,1,2.688407902788102,0.27410313573760225,10.00002178442586,181.1966552734375
14000,2025-07-27 19:03:22.132,1,2.653174595889704,0.298695693632352,10.283949417389458,176.19403076171875
14100,2025-07-27 19:03:22.232,1,2.7366991500807023,0.3260482886556754,10.956567879634243,165.3775634765625
14200,2025-07-27 19:03:22.332,1,2.7617823289227443,0.35307682891839864,11.473539560801497,157.926025390625
14300,2025-07-27 19:03:22.432,1,2.7979088942586907,0.38696349217763554,11.954503828077794,151.57220458984375
14400,2025-07-27 19:03:22.532,1,2.8393830532559274,0.42418490453465474,12.537088748117132,144.52880859375
14500,2025-07-27 19:03:22.632,1,2.8542886420779054,0.4518964925493601,12.830310730672496,141.22576904296875
14600,2025-07-27 19:03:22.732,1,2.878988285407251,0.4886937190171949,13.241565344914514,136.839599609375
14700,2025-07-27 19:03:22.832,1,2.9108929678665283,0.5038422653592614,13.54735644029337,133.7508544921875
14800,2025-07-27 19:03:22.932,1,2.9707782109717105,0.5067437077676835,14.075418932927095,128.73297119140625
14900,2025-07-27 19:03:23.032,1,2.9770274949556534,0.5133038044412565,14.145760045510398,128.09283447265625
15000,2025-07-27 19:03:23.132,1,2.998556542767563,0.5211666443352331,14.317045605993274,126.56036376953125
15100,2025-07-27 19:03:23.232,1,2.990183737264916,0.5252769114717245,14.298055680264662,126.72845458984375
15200,2025-07-27 19:03:23.332,1,3.0025316907520585,0.5236388549023243,14.388684924345457,125.93023681640625
15300,2025-07-27 19:03:23.432,1,3.0021797135945136,0.5203216041014082,14.384731851020756,125.96484375
15400,2025-07-27 19:03:23.532,1,2.9971302113589995,0.5172397121395775,14.390316984863087,125.91595458984375
15500,2025-07-27 19:03:23.632,1,2.990918279431958,0.5221374926996621,14.38952183221025,125.92291259765625
15600,2025-07-27 19:03:23.732,1,2.947076610533566,0.5232499381280659,14.296664792694822,126.74078369140625
15700,2025-07-27 19:03:23.832,1,2.848026378268018,0.4982788512882168,13.951046480105605,129.880615234375
15800,2025-07-27 19:03:23.932,1,2.804076491249446,0.5106285628906461,14.205732604779204,127.55206298828125
15900,2025-07-27 19:03:24.032,1,2.7009178430509366,0.5171340713365671,14.061125546518122,128.86383056640625
16000,2025-07-27 19:03:24.132,1,2.5174770621256486,0.5031931399508935,13.731328600088364,131.9588623046875
16100,2025-07-27 19:03:24.232,1,2.401350649774592,0.50259477411675,13.767689839647584,131.6103515625
16200,2025-07-27 19:03:24.332,1,2.2066918348822,0.49423942936842385,13.583438457905823,133.39556884765625
16300,2025-07-27 19:03:24.432,1,2.071766908482232,0.5020766964997477,13.683033248292437,132.42462158203125
16400,2025-07-27 19:03:24.532,1,1.834807039514867,0.4953094531224358,13.449951465262311,134.719482421875
16500,2025-07-27 19:03:24.632,1,1.6509317591253079,0.4845562841609309,13.299074567983677,136.24786376953125
16600,2025-07-27 19:03:24.732,1,1.4330118513568675,0.49712703746594045,13.422003703699835,135.0
16700,2025-07-27 19:03:24.832,1,1.2130155105811131,0.4790786757571081,13.317915341742054,136.05511474609375
16800,2025-07-27 19:03:24.932,1,0.9632685489033405,0.5000266874810857,13.422003703699835,135.0
16900,2025-07-27 19:03:25.032,1,0.740757631587857,0.5028708341454311,13.499227065270684,134.22772216796875
17000,2025-07-27 19:03:25.132,1,0.4740262095631795,0.4918295286699203,13.201970856098196,137.25
17100,2025-07-27 19:03:25.232,1,0.2187781374807103,0.520075269359248,13.478493156626778,134.4342041015625
17200,2025-07-27 19:03:25.332,1,-0.07347958202830675,0.5145200568031568,13.40608736914066,135.1602783203125
17300,2025-07-27 19:03:25.432,1,-0.31773572863003063,0.5081570618546152,13.235354944553373,136.90380859375
17400,2025-07-27 19:03:25.532,1,-0.6222825342062104,0.5087986284944751,13.347848987104808,135.75
17500,2025-07-27 19:03:25.632,1,-0.7315841983242883,0.47914741469267913,12.460085382566835,145.4219970703125
17600,2025-07-27 19:03:25.732,1,-0.996619579516951,0.4998184013387465,12.821594336392009,141.32177734375
17700,2025-07-27 19:03:25.832,1,-1.3007156025447881,0.5338065990165215,13.713143896588978,132.13385009765625
17900,2025-07-27 19:03:26.032,1,-1.502813304266501,0.5739369770109536,14.344810782428677,126.31539916992188
18000,2025-07-27 19:03:26.132,1,-1.546179292307749,0.5794556759354925,14.695949671856473,123.29727172851562
18100,2025-07-27 19:03:26.232,1,-1.5481480155356864,0.5806445241275876,14.734911322976494,122.97125244140625
18200,2025-07-27 19:03:26.332,1,-1.5583558219783693,0.5818219237831581,14.840482762563843,122.09646606445312
18300,2025-07-27 19:03:26.432,1,-1.5380771199517027,0.5760432176966583,14.752726529666853,122.82275390625
18400,2025-07-27 19:03:26.532,1,-1.5198089680057005,0.5739533537844719,14.72838328006267,123.0257568359375
18500,2025-07-27 19:03:26.632,1,-1.5128213545419784,0.5762258670503406,14.78403094717031,122.56268310546875
18600,2025-07-27 19:03:26.732,1,-1.4738565837460897,0.558516441936698,14.649168981717702,123.69100952148438
18700,2025-07-27 19:03:26.832,1,-1.4701788096273685,0.5612873326684409,14.734340893734657,122.97601318359375
18800,2025-07-27 19:03:26.932,1,-1.4403984596252999,0.569186549706095,14.769681003847449,122.6817626953125
18900,2025-07-27 19:03:27.032,1,-1.4510987588215476,0.5805039339441304,15.001007907942126,120.7899169921875
19000,2025-07-27 19:03:27.132,1,-1.4123679749662164,0.5855056371814998,15.013085000223242,120.6927490234375
19100,2025-07-27 19:03:27.232,1,-1.3987477450773915,0.5960929437996416,15.174605303049939,119.4080810546875
19200,2025-07-27 19:03:27.332,1,-1.4060165272209597,0.6213565276905807,15.67673583586549,115.58340454101562
19300,2025-07-27 19:03:27.432,1,-1.4118245305067703,0.6421328714734761,16.10879471969796,112.48330688476562
19400,2025-07-27 19:03:27.532,1,-1.380524626332629,0.6511008543603763,16.249059764047995,111.5123291015625
19500,2025-07-27 19:03:27.632,1,-1.3350231969000153,0.6452537036703954,16.16622966827188,112.08367919921875
19600,2025-07-27 19:03:27.732,1,-1.3018299402584759,0.6574494795987312,16.322752647870686,111.00888061523438
19700,2025-07-27 19:03:27.832,1,-1.2904746095361215,0.6752781983925211,16.58280007685608,109.26806640625
19800,2025-07-27 19:03:27.932,1,-1.2830050632337444,0.6963466274294047,16.913459645167872,107.13186645507812
19900,2025-07-27 19:03:28.032,1,-1.2722880395083918,0.7067752858449405,17.103481164162094,105.94161987304688
20500,2025-07-27 19:03:28.632,1,-1.2079039805008995,0.841508623794805,19.823399376325593,91.4056396484375
20600,2025-07-27 19:03:28.732,1,-1.1874337681528613,0.8752393371402901,20.419911291592513,88.7354736328125
20700,2025-07-27 19:03:28.832,1,-1.1495159968225939,0.8967837412606056,20.560705202238154,88.12783813476562
20800,2025-07-27 19:03:28.932,1,-1.0909796316052953,0.9018053277923469,20.60307753464734,87.94659423828125
20900,2025-07-27 19:03:29.032,1,-1.0482250892013907,0.9022442717574014,20.620386204830805,87.87277221679688
21000,2025-07-27 19:03:29.132,1,-1.0280603054312285,0.9294481751436893,21.134153222530827,85.73660278320312
21200,2025-07-27 19:03:29.332,1,-0.9953543953319919,0.9681594022858637,21.589415558427532,83.92864990234375
21400,2025-07-27 19:03:29.532,1,-0.9956228750029488,0.9611104637703557,21.767613758306712,83.2415771484375
21500,2025-07-27 19:03:29.632,1,-0.9808708945911337,0.9566354904925767,21.637778835260324,83.74105834960938
21600,2025-07-27 19:03:29.732,1,-0.9766791295777266,0.9565499723004911,21.76071296542377,83.26797485351562
21700,2025-07-27 19:03:29.832,1,-0.9765647372285573,0.952182659440775,21.767023230264712,83.24383544921875
21800,2025-07-27 19:03:29.932,1,-0.9752444836370965,0.9596974707822631,21.94975181162136,82.55084228515625
21900,2025-07-27 19:03:30.032,1,-0.9501034379106521,0.9690320703087819,22.241728217393298,81.4671630859375
22000,2025-07-27 19:03:30.132,1,-0.9157034391861119,0.9977402943251592,22.813125431620307,79.42666625976562
22100,2025-07-27 19:03:30.232,1,-0.8101597210187502,0.9842763330398621,22.491956580317076,80.56082153320312
22200,2025-07-27 19:03:30.332,1,-0.6741682444127027,1.0172188084287646,22.79766509983531,79.48052978515625
22300,2025-07-27 19:03:30.432,1,-0.5777620009441027,1.02563855981068,23.239037799905866,77.97097778320312
22400,2025-07-27 19:03:30.532,1,-0.3625520742421125,0.9387587216576206,21.57107738094616,84.0
22500,2025-07-27 19:03:30.632,1,-0.1833389867115493,0.9819437199789824,22.451940026962486,80.70440673828125
22600,2025-07-27 19:03:30.732,1,-0.0092021579208811,0.9949746843781425,23.68588888888206,76.5
22700,2025-07-27 19:03:30.832,1,0.13475489891417158,1.093799564952645,25.773368104897635,70.30398559570312
22900,2025-07-27 19:03:31.032,2,0.6253094924520749,1.0205598315706004,23.68588888888206,76.5
23200,2025-07-27 19:03:31.332,1,1.4479961847608112,1.0254966912621295,23.92040264025713,75.75
23300,2025-07-27 19:03:31.432,1,1.7919922044281553,1.015442802132109,23.68588888888206,76.5
23400,2025-07-27 19:03:31.532,1,2.144392946274605,1.101863466143352,25.70170921985075,70.5
23600,2025-07-27 19:03:31.732,1,2.6107590329931796,1.0568894471170929,24.65265986393847,73.5
24500,2025-07-27 19:03:32.632,1,2.733899638731946,0.9195274282039211,21.598054233528412,83.89508056640625
24600,2025-07-27 19:03:32.732,1,2.7082932574372447,0.9033335580101717,21.388916871094725,84.71539306640625
24800,2025-07-27 19:03:32.932,1,2.7642044026716945,0.923205353818183,21.752621080468828,83.2989501953125
24900,2025-07-27 19:03:33.032,1,2.7534818447591856,0.9155366817891405,21.599955669892843,83.8876953125
25000,2025-07-27 19:03:33.132,1,2.7232269292616507,0.9001996400736207,21.213959937796865,85.4140625
25100,2025-07-27 19:03:33.232,1,2.737650670389213,0.9008829930009423,21.226959217535835,85.36175537109375
25200,2025-07-27 19:03:33.332,1,2.710267558041385,0.8839316700888933,20.827743926851088,86.9979248046875
25300,2025-07-27 19:03:33.432,1,2.7324238937832783,0.8804283548897726,20.94889228447578,86.49481201171875
25400,2025-07-27 19:03:33.532,1,2.744237540595277,0.8737359953287974,20.806548711609853,87.0865478515625
25500,2025-07-27 19:03:33.632,1,2.725232738568413,0.8605315904396662,20.425952635585396,88.709228515625
25600,2025-07-27 19:03:33.732,1,2.781990500234967,0.8743468722178089,20.816746805853505,87.04388427734375
25700,2025-07-27 19:03:33.832,1,2.8455692909250687,0.8884831941894283,21.163026786573806,85.61962890625
25800,2025-07-27 19:03:33.932,1,2.8859302423072744,0.8899142942757317,21.185332828087507,85.52947998046875
25900,2025-07-27 19:03:34.032,1,2.835753357910798,0.865468076850227,20.60302034045686,87.94683837890625
26000,2025-07-27 19:03:34.132,1,2.8407679952443523,0.8507973311175022,20.461288682482653,88.5560302734375
26100,2025-07-27 19:03:34.232,1,2.790974088934848,0.824216835785555,19.90000480752866,91.05377197265625
26200,2025-07-27 19:03:34.332,1,2.7213640428658237,0.7938604946590161,19.305388614966464,93.8582763671875
26300,2025-07-27 19:03:34.432,1,2.6958992029906894,0.7803917238112575,19.165155828237513,94.5450439453125
26400,2025-07-27 19:03:34.532,1,2.6066348947065925,0.7512294481844205,18.554879436785498,97.6546630859375
26500,2025-07-27 19:03:34.632,1,2.6098892327938445,0.7632885873845054,18.765442855683613,96.55889892578125
26600,2025-07-27 19:03:34.732,1,2.519751169584563,0.7326449630038897,18.176117082125273,99.68963623046875
26700,2025-07-27 19:03:34.832,1,2.4467409996413587,0.7040340196051843,17.675266550244757,102.51446533203125
26800,2025-07-27 19:03:34.932,1,2.428911112130096,0.6981118330138203,17.727183776219334,102.2142333984375
26900,2025-07-27 19:03:35.032,1,2.372334970706354,0.6840489457354508,17.42646482782489,103.97808837890625
27000,2025-07-27 19:03:35.132,1,2.3489935399223207,0.6773879290476976,17.478749937144688,103.66705322265625
27100,2025-07-27 19:03:35.232,1,2.2826794245560857,0.6470789380141195,17.090341545184074,106.0230712890625
27200,2025-07-27 19:03:35.332,1,2.2381920181566253,0.6314234700973498,16.768549258164285,108.05767822265625
27300,2025-07-27 19:03:35.432,1,2.2027653356928574,0.6150446461365003,16.4633789469317,110.0606689453125
27400,2025-07-27 19:03:35.532,1,2.213270686539575,0.6286593860423233,16.414959734103146,110.38531494140625
27500,2025-07-27 19:03:35.632,1,2.2285768672138833,0.6282297716597386,16.475228974149175,109.98150634765625
27600,2025-07-27 19:03:35.732,1,2.237182057485957,0.6225016604928731,16.33554700510439,110.92193603515625
27700,2025-07-27 19:03:35.832,1,2.249533367226015,0.621674069672783,16.316208292497794,111.05340576171875
27800,2025-07-27 19:03:35.932,1,2.2565867861787914,0.6178070735186212,16.206251554166972,111.806884765625
27900,2025-07-27 19:03:36.032,1,2.2652425040475586,0.6200025168360461,16.173046310067495,112.03643798828125
28000,2025-07-27 19:03:36.132,1,2.2468626199751673,0.6023953106980806,15.888480895439367,114.04302978515625
28100,2025-07-27 19:03:36.232,1,2.2600288763798164,0.5957687249535341,15.895848272792541,113.99017333984375
28200,2025-07-27 19:03:36.332,1,2.243158912770498,0.5869966183399298,15.581231071213768,116.2918701171875
28300,2025-07-27 19:03:36.432,1,2.2719675344294807,0.5917540668669461,15.703723885771664,115.384765625
28400,2025-07-27 19:03:36.532,1,2.2623204308669664,0.5763890062855973,15.478368306783693,117.064697265625
28500,2025-07-27 19:03:36.632,1,2.258931199115926,0.5686834965912868,15.350243393341067,118.04180908203125
28600,2025-07-27 19:03:36.732,1,2.2669450188614215,0.5623746319845288,15.28089457239568,118.5775146484375
28700,2025-07-27 19:03:36.832,1,2.258204786380687,0.5467038177576768,15.070419401520702,120.23358154296875
28800,2025-07-27 19:03:36.932,1,2.2542912269866666,0.5324772726299031,14.809031416029336,122.35577392578125
28900,2025-07-27 19:03:37.032,1,2.249991252877348,0.5204585152608503,14.598574173484181,124.11968994140625
29000,2025-07-27 19:03:37.132,1,2.2307880897760417,0.5012466399633946,14.290223418338597,126.79791259765625
29100,2025-07-27 19:03:37.232,1,2.2236820650392395,0.4872771333006437,14.068581950591769,128.7955322265625
29200,2025-07-27 19:03:37.332,1,2.2061762244394876,0.46656939331797115,13.646370709092107,132.7803955078125
29300,2025-07-27 19:03:37.432,1,2.222396202565192,0.4620897486539016,13.65099534885894,132.73541259765625
29400,2025-07-27 19:03:37.532,1,2.197723867378111,0.44216634631476803,13.267325015291396,136.57391357421875
29500,2025-07-27 19:03:37.632,1,2.181735718966067,0.4276831648403234,12.96551084828961,139.75311279296875
29600,2025-07-27 19:03:37.732,1,2.1812099597893444,0.4092665153061342,12.763833894404234,141.9613037109375
29700,2025-07-27 19:03:37.832,1,2.168011391303065,0.3926877858605816,12.475164945027613,145.2462158203125
29800,2025-07-27 19:03:37.932,1,2.156617666152886,0.3723556508207841,12.18890634512184,148.6573486328125
29900,2025-07-27 19:03:38.032,1,2.1489481214648958,0.3499347873469673,11.96338233240948,151.459716796875
30000,2025-07-27 19:03:38.132,1,2.1436033660973157,0.3343696080885913,11.710990061128847,154.72393798828125
30100,2025-07-27 19:03:38.232,1,2.1237870715110736,0.32670088578526874,11.503330869713693,157.51702880859375
30200,2025-07-27 19:03:38.332,1,2.1068355777074244,0.3223329195984705,11.274448245463873,160.71478271484375
30300,2025-07-27 19:03:38.432,1,2.092332215030206,0.31957947838472084,11.174490457913635,162.15240478515625
30400,2025-07-27 19:03:38.532,1,2.083310619984563,0.31800026481015775,11.129506674366217,162.80780029296875
30500,2025-07-27 19:03:38.632,1,2.0408299649373185,0.31732132229405935,10.982130944393537,164.99261474609375
30600,2025-07-27 19:03:38.732,1,1.960864240389065,0.3131924203573477,10.776267812750989,168.14453125
30700,2025-07-27 19:03:38.832,1,1.8648268902298106,0.31533837671582554,10.75300829638796,168.50823974609375
30800,2025-07-27 19:03:38.932,1,1.7145621918158684,0.312586709428455,10.683605313707211,169.6029052734375
30900,2025-07-27 19:03:39.032,1,1.585433108361753,0.3094202469982898,10.652236353840925,170.10235595703125
31000,2025-07-27 19:03:39.132,1,1.3784646339843947,0.3007066730269519,10.510818966069706,172.3909912109375
31100,2025-07-27 19:03:39.232,1,1.2123732729319863,0.29919903246097185,10.488356547225509,172.76019287109375
31200,2025-07-27 19:03:39.332,1,0.9850744064419886,0.3018660420853702,10.55004657932738,171.75
31300,2025-07-27 19:03:39.432,1,0.7532752588902671,0.292698218129016,10.130742261301306,178.85861206054688
31400,2025-07-27 19:03:39.532,1,0.5090798145951244,0.2935712718445002,10.417460476401024,173.9359130859375
31500,2025-07-27 19:03:39.632,1,0.2682432468987181,0.2896271238208153,10.073306850598767,179.87841796875
31600,2025-07-27 19:03:39.732,1,-0.01730470336975801,0.29389598794511285,10.271497717591894,176.40762329101562
31700,2025-07-27 19:03:39.832,1,-0.3089706201713186,0.2989547819265987,10.296727753254242,175.97537231445312
31800,2025-07-27 19:03:39.932,1,-0.5954935958074369,0.3098670689214249,10.218870013309632,177.31613159179688
31900,2025-07-27 19:03:40.032,1,-0.8860110448666092,0.3062905718533067,10.267646811612321,176.47378540039062
32000,2025-07-27 19:03:40.132,1,-1.2422515047699363,0.3060308859122433,10.45870418470117,173.25
32100,2025-07-27 19:03:40.232,1,-1.5133733956718867,0.30695180809257006,10.53098270549379,172.0609130859375
32200,2025-07-27 19:03:40.332,1,-1.8097283763300127,0.3225363303997085,10.783925516277536,168.02513122558594
32300,2025-07-27 19:03:40.432,1,-1.9742712057399099,0.336405142468467,10.762405972311022,168.36109924316406
32400,2025-07-27 19:03:40.532,1,-2.2054259459674537,0.3506919512491094,11.39604088049986,159.0
32500,2025-07-27 19:03:40.632,1,-2.2421070465678907,0.35201437917903966,11.440726827932165,158.37896728515625
32600,2025-07-27 19:03:40.732,1,-2.263300658950153,0.34887160077350965,11.509775340261575,157.4288330078125
32700,2025-07-27 19:03:40.832,1,-2.2668907506320997,0.34571682558310357,11.550764591008674,156.87017822265625
32800,2025-07-27 19:03:40.932,1,-2.294840899889159,0.3504741589867206,11.72704363957104,154.5121307373047
32900,2025-07-27 19:03:41.032,1,-2.259335691230442,0.34242440596591156,11.621181373506072,155.91964721679688
33000,2025-07-27 19:03:41.132,1,-2.2315777921259863,0.34054078249076336,11.559337979221665,156.7538299560547
33100,2025-07-27 19:03:41.232,1,-2.2180192049902936,0.34395994781891714,11.539343825595006,157.0254364013672
33200,2025-07-27 19:03:41.332,1,-2.2073008502942146,0.34827895531252284,11.56146727500943,156.72496032714844
33300,2025-07-27 19:03:41.432,1,-2.1900287299297267,0.341653588731474,11.529345799013216,157.16160583496094
33400,2025-07-27 19:03:41.532,1,-2.163703470922945,0.33817017532992005,11.477958920549899,157.86521911621094
33500,2025-07-27 19:03:41.632,1,-2.1558160289434904,0.3414718267638282,11.475567496784238,157.8981170654297
33600,2025-07-27 19:03:41.732,1,-2.146773660344554,0.34366391720633954,11.480320264442959,157.83274841308594
33700,2025-07-27 19:03:41.832,1,-2.1490743996733443,0.3454138605940873,11.496362692777305,157.6125030517578
33800,2025-07-27 19:03:41.932,1,-2.1314296043719803,0.3485663799053491,11.397272459474493,158.98281860351562
33900,2025-07-27 19:03:42.032,1,-2.1277479699027855,0.3448169950691535,11.352599056716846,159.60842895507812
34000,2025-07-27 19:03:42.132,1,-2.1098767560660394,0.33917354983603554,11.17898127182122,162.08726501464844
34100,2025-07-27 19:03:42.232,1,-2.118786202476852,0.3298098460595754,11.121560894578291,162.9241180419922
34200,2025-07-27 19:03:42.332,1,-2.103938965680121,0.32308866417674315,10.966425150355496,165.22891235351562
34300,2025-07-27 19:03:42.432,1,-2.1148183303284047,0.3187726666925128,10.920503021844333,165.92372131347656
34400,2025-07-27 19:03:42.532,1,-2.153605042472119,0.31405626762704947,10.895742559835254,166.30078125
34500,2025-07-27 19:03:42.632,1,-2.0984691506862894,0.2985018294902981,10.544675785309112,171.8374786376953
34600,2025-07-27 19:03:42.732,1,-2.116144956462695,0.29050515530152804,10.47242593419801,173.0229949951172
34700,2025-07-27 19:03:42.832,1,-2.118488742573103,0.2847039463787488,10.344231820871322,175.167236328125
34800,2025-07-27 19:03:42.932,1,-2.0958661130723297,0.27397725668728296,10.03783874951254,180.51400756835938
34900,2025-07-27 19:03:43.032,1,-2.117307656924107,0.26668115442010615,9.979445891500115,181.57025146484375
35000,2025-07-27 19:03:43.132,1,-2.1339722361358255,0.25591603136323476,9.85237109085398,183.91212463378906
35100,2025-07-27 19:03:43.232,1,-2.128566055954898,0.24741858627132532,9.65968258851785,187.58074951171875
35200,2025-07-27 19:03:43.332,1,-2.151959845242784,0.2388905433084087,9.49795084503194,190.77488708496094
35300,2025-07-27 19:03:43.432,1,-2.1633381012678052,0.23014749288929479,9.366528560860928,193.45166015625
35400,2025-07-27 19:03:43.532,1,-2.1525998478073087,0.2124581348148624,9.081660763587928,199.5197296142578
35500,2025-07-27 19:03:43.632,1,-2.186729505525681,0.21156978251491726,9.0327855683885,200.59930419921875
35600,2025-07-27 19:03:43.732,1,-2.161932125698503,0.19240052952990744,8.692458962784473,208.45315551757812
35700,2025-07-27 19:03:43.832,1,-2.1886588635546054,0.18737936178230988,8.62610183668886,210.05670166015625
35800,2025-07-27 19:03:43.932,1,-2.168056278791208,0.17433019099906816,8.310958260054099,218.0218505859375
35900,2025-07-27 19:03:44.032,1,-2.182863232058089,0.1611984891671366,8.17928792923285,221.5315704345703
36000,2025-07-27 19:03:44.132,1,-2.19548150272254,0.14590867722261514,8.009012683752085,226.2414321899414
36100,2025-07-27 19:03:44.232,1,-2.2487765422875587,0.14908976582100028,8.072834370393261,224.45282745361328
36200,2025-07-27 19:03:44.332,1,-2.275541692172798,0.15427978131800785,8.104510286456428,223.57556915283203
36300,2025-07-27 19:03:44.432,1,-2.2790171605001706,0.1470492476340861,8.116146445123318,223.2550277709961
36400,2025-07-27 19:03:44.532,1,-2.260034856543979,0.15507715649095935,8.132802267087035,222.7978057861328
36500,2025-07-27 19:03:44.632,1,-2.216134884265902,0.15811187546582048,8.102111268330463,223.6417694091797
36600,2025-07-27 19:03:44.732,1,-2.1855665985907273,0.16476529917709457,8.243563487439182,219.8042755126953
36700,2025-07-27 19:03:44.832,1,-2.116452415332347,0.1615800607901515,8.283204156760705,218.7523651123047
36800,2025-07-27 19:03:44.932,1,-2.0171619503772273,0.16315541565661737,8.355964845770902,216.84754943847656
36900,2025-07-27 19:03:45.032,1,-1.8938558681711444,0.1613546191334826,8.333680041358159,217.4274139404297
37000,2025-07-27 19:03:45.132,1,-1.7366106382298476,0.16344517774692743,8.377775101512126,216.28302001953125
37100,2025-07-27 19:03:45.232,1,-1.5984682995026658,0.16045665028268688,8.39530747176638,215.8313446044922
37200,2025-07-27 19:03:45.332,1,-1.4099486984760836,0.16469636743265012,8.442486046209769,214.62522888183594
37300,2025-07-27 19:03:45.432,1,-1.2273846606428953,0.15546569019068646,8.36230984262468,216.68301391601562
37400,2025-07-27 19:03:45.532,1,-1.0350886309037894,0.15448405975356858,8.468132442228509,213.9752197265625
37500,2025-07-27 19:03:45.632,1,-0.8333303118821301,0.14490757404264165,8.33552096281597,217.37939453125
37600,2025-07-27 19:03:45.732,1,-0.5959526336320289,0.13662804960811423,8.294338561041856,218.45870971679688
37700,2025-07-27 19:03:45.832,1,-0.40901251157805263,0.13590313837058657,8.246898292883067,219.71539306640625
37800,2025-07-27 19:03:45.932,1,-0.16483779245365274,0.12379538541592264,8.134547699212021,222.75
37900,2025-07-27 19:03:46.032,1,0.02877930639049481,0.12012998667372642,8.155066443957008,222.18954467773438
38000,2025-07-27 19:03:46.132,1,0.27768272911469316,0.11676185389043535,8.02758468039585,225.718017578125
38100,2025-07-27 19:03:46.232,1,0.48630172273898636,0.1141861131710515,8.097056887425614,223.7813720703125
38200,2025-07-27 19:03:46.332,1,0.7327681674239699,0.10172433586407038,7.921182513658919,228.75
38300,2025-07-27 19:03:46.432,1,0.9465468056653586,0.10231635614860805,8.398931344640832,215.73822021484375
38400,2025-07-27 19:03:46.532,1,1.208487936021776,0.09570756440370098,8.447414918412484,214.5
38500,2025-07-27 19:03:46.632,1,1.4145243909615275,0.0852475297563609,7.72487210710553,234.56317138671875
38600,2025-07-27 19:03:46.732,1,1.672528275923632,0.07719981338567398,7.694142250528568,235.5
38700,2025-07-27 19:03:46.832,1,1.9581377687618666,0.07748665055089111,8.22549720310426,220.28704833984375
38800,2025-07-27 19:03:46.932,1,2.1280626542538505,0.06549271035952246,7.510503932679036,241.2581787109375
38900,2025-07-27 19:03:47.032,1,2.326637750150888,0.061176413096665334,7.4515498115337095,243.16693115234375
39000,2025-07-27 19:03:47.132,1,2.610024542332391,0.05294092374906295,7.793421505374098,232.5
39100,2025-07-27 19:03:47.232,1,2.5474015207371163,0.041543021157656713,7.068918925120673,256.3292236328125
39200,2025-07-27 19:03:47.332,1,2.728764253465165,0.04444872860488351,7.233415169658594,250.5
39300,2025-07-27 19:03:47.432,1,2.7235554361423056,0.04123345391890491,7.011460879889262,258.4298095703125
39400,2025-07-27 19:03:47.532,1,2.724453872451967,0.04292096964462909,6.9466929970583156,260.83929443359375
39500,2025-07-27 19:03:47.632,1,2.7072144949495702,0.04148859897807162,6.844914402497741,264.7177734375
39600,2025-07-27 19:03:47.732,1,2.663511712321007,0.03619435219708988,6.820794677414757,265.65386962890625
39700,2025-07-27 19:03:47.832,1,2.6006518811744046,0.03437885882582997,6.715858448886318,269.80474853515625
39800,2025-07-27 19:03:47.932,1,2.5956446658705983,0.04454724962474821,6.821409039030166,265.62994384765625
39900,2025-07-27 19:03:48.032,1,2.593234803790734,0.04487217379857476,6.859677192254046,264.1480712890625
40000,2025-07-27 19:03:48.132,1,2.608848827250532,0.04109141737630847,6.903985642878857,262.45281982421875
40100,2025-07-27 19:03:48.232,1,2.6078978884774524,0.03740815145459773,6.8580576784806775,264.21044921875
40200,2025-07-27 19:03:48.332,1,2.6304880899237104,0.03000601229855347,6.8621491377140496,264.05291748046875
40300,2025-07-27 19:03:48.432,1,2.6319490819212374,0.020375959332105974,6.786136443577515,267.0106201171875
40400,2025-07-27 19:03:48.532,1,2.659857020287428,0.010601202263180416,6.723352193629936,269.5040283203125
40500,2025-07-27 19:03:48.632,1,2.6379830866004164,0.006581474612073102,6.56458208700247,276.022216796875
40600,2025-07-27 19:03:48.732,1,2.645013566098745,-0.005196749076674418,6.416937198481377,282.37310791015625
40700,2025-07-27 19:03:48.832,1,2.639401969870715,-0.013993556579422643,6.260624603032711,289.42327880859375
40800,2025-07-27 19:03:48.932,1,2.6303019778485193,-0.02851017587896639,6.060994054217291,298.95599365234375
40900,2025-07-27 19:03:49.032,1,2.636261007522579,-0.03844387614052761,5.915624448932829,306.302490234375
41000,2025-07-27 19:03:49.132,1,2.66251034726656,-0.04523242367504453,5.765716912162184,314.26629638671875
41100,2025-07-27 19:03:49.232,1,2.648400393990222,-0.056245567849469776,5.574450057325203,325.0491943359375
41200,2025-07-27 19:03:49.332,1,2.6331327665729054,-0.08030251587911759,5.303988385557602,341.6241455078125
41300,2025-07-27 19:03:49.432,1,2.6907928663857463,-0.09487444967197552,5.2812298728568425,343.0963134765625
41400,2025-07-27 19:03:49.532,1,2.871218717376136,-0.13138885311076054,5.5605330785992795,325.86273193359375
42100,2025-07-27 19:03:50.232,1,1.863705395917173,-0.18037466273578695,3.6213500902237112,500.35772705078125
42200,2025-07-27 19:03:50.332,1,1.5787282326024366,-0.17968229470832595,3.16438918182258,572.613037109375
42300,2025-07-27 19:03:50.432,1,1.4112800045927196,-0.18739770846343243,2.9512806592766436,613.9607543945312
42400,2025-07-27 19:03:50.532,1,1.2050228901920665,-0.19339485037818172,2.8228040816910247,641.9044494628906
42500,2025-07-27 19:03:50.632,1,1.0592850934155995,-0.1969430349750504,2.750927634213879,658.6761779785156
42600,2025-07-27 19:03:50.732,1,0.865476820676993,-0.19677226260620423,2.6727149837262942,677.9512634277344
42700,2025-07-27 19:03:50.832,1,0.7258114627587634,-0.19367337182628716,2.6514333205788203,683.392822265625
42800,2025-07-27 19:03:50.932,1,0.5359550121969634,-0.1926313317012142,2.6396485396236766,686.44384765625
42900,2025-07-27 19:03:51.032,1,0.4007575931066007,-0.19392462214879147,2.656015701696335,682.2137756347656
43000,2025-07-27 19:03:51.132,1,0.2351088020164328,-0.18867443619306112,2.7329871794863916,663.0
43100,2025-07-27 19:03:51.232,1,0.10102302640991309,-0.18421440615368298,2.8363053694973144,638.848876953125
43200,2025-07-27 19:03:51.332,1,-0.047836860032451085,-0.17290669762505884,2.9976007109660676,604.4736022949219
43300,2025-07-27 19:03:51.432,1,-0.15804254335583798,-0.16836273906132035,3.1277926480625986,579.312858581543
43400,2025-07-27 19:03:51.532,1,-0.3048239099237558,-0.15968893397727812,3.3724422129101312,537.2873382568359
43500,2025-07-27 19:03:51.632,1,-0.3645001542198656,-0.1494553008929899,3.4546119833405484,524.5076751708984
43600,2025-07-27 19:03:51.732,1,-0.5225509872049118,-0.13792258831160478,3.8144181517384106,475.0319519042969
43700,2025-07-27 19:03:51.832,1,-0.614714484608327,-0.12646190792945688,4.057372463148019,446.58717346191406
43800,2025-07-27 19:03:51.932,1,-0.7144183502156325,-0.10854531508713972,4.365447927672529,415.0709228515625
43900,2025-07-27 19:03:52.032,1,-0.7781101519395871,-0.09814802333569281,4.592630715520265,394.53868865966797
44000,2025-07-27 19:03:52.132,1,-0.863045858224428,-0.07172492226631828,4.883242772309402,371.0588607788086
44100,2025-07-27 19:03:52.232,1,-0.9489419215972695,-0.05318632140588978,5.2695521035295725,343.8566436767578
44200,2025-07-27 19:03:52.332,1,-1.0465692233855777,-0.03985836729592669,5.737767113986394,315.7971496582031
44300,2025-07-27 19:03:52.432,1,-1.084781878456922,-0.018457948344626256,5.933576068642901,305.37579345703125
44400,2025-07-27 19:03:52.532,1,-1.173077767592174,0.0122834666971932,6.484715241391512,279.4217529296875
44500,2025-07-27 19:03:52.632,1,-1.2233268449921821,0.03403812392569113,6.847912737410075,264.60186767578125
44600,2025-07-27 19:03:52.732,1,-1.2711583906660129,0.05520554319765413,7.232898369409767,250.5178985595703
44700,2025-07-27 19:03:52.832,1,-1.2960944090603495,0.0695845214661783,7.544813514487384,240.16107177734375
44800,2025-07-27 19:03:52.932,1,-1.3456606514503076,0.10934425927142126,8.181250082275668,221.4784393310547
44900,2025-07-27 19:03:53.032,1,-1.3976816242113714,0.13065333078179728,8.661154713276215,209.20657348632812
45000,2025-07-27 19:03:53.132,1,-1.4019627061823396,0.15680380849779288,8.931095957462444,202.88333129882812
45100,2025-07-27 19:03:53.232,1,-1.4164909325373172,0.1769174778960272,9.285789810387804,195.13369750976562
45200,2025-07-27 19:03:53.332,1,-1.4630518202413436,0.21777488374127354,9.979023228779369,181.57794189453125
45300,2025-07-27 19:03:53.432,1,-1.4773472589686205,0.2297770653117903,10.24275151239676,176.9027099609375
45400,2025-07-27 19:03:53.532,1,-1.4957158703313687,0.2600721233509505,10.670267354716445,169.81491088867188
45500,2025-07-27 19:03:53.632,1,-1.5130279696772775,0.28484196113411153,11.0330117733816,164.23171997070312
45600,2025-07-27 19:03:53.732,1,-1.5620244214234926,0.31886132686809254,11.719963819193671,154.60546875
45700,2025-07-27 19:03:53.832,1,-1.5520767409057794,0.33310527749268876,11.868449695262962,152.67120361328125
45800,2025-07-27 19:03:53.932,1,-1.5602767625506397,0.3620274427298859,12.346129789101465,146.76425170898438
45900,2025-07-27 19:03:54.032,1,-1.5410722110484925,0.37951687277128837,12.641180054257411,143.33871459960938
46000,2025-07-27 19:03:54.132,1,-1.496282050326541,0.4011518901270756,13.005420876300663,139.32424926757812
46100,2025-07-27 19:03:54.232,1,-1.4483423641081088,0.40718455714611423,13.214302498587957,137.12191772460938
46200,2025-07-27 19:03:54.332,1,-1.36729210507825,0.42525949773374183,13.450463342934562,134.71435546875
46300,2025-07-27 19:03:54.432,1,-1.3075642672233492,0.43873497714211757,13.711649149672485,132.14825439453125
46400,2025-07-27 19:03:54.532,1,-1.1945002393853363,0.4435374558901893,13.821474460088208,131.09820556640625
46500,2025-07-27 19:03:54.632,1,-1.118148590594209,0.4524240673123502,13.928797990765272,130.08807373046875
46600,2025-07-27 19:03:54.732,1,-1.0136858389665069,0.46010336027508714,14.057576704269666,128.8963623046875
46700,2025-07-27 19:03:54.832,1,-0.9343616062633362,0.46683281262912535,14.183732278347957,127.74990844726562
46800,2025-07-27 19:03:54.932,1,-0.8239397295652652,0.46863446341364473,14.23167538884352,127.31954956054688
46900,2025-07-27 19:03:55.032,1,-0.7534643387984146,0.4686005340797124,14.356954403248398,126.20855712890625
47000,2025-07-27 19:03:55.132,1,-0.6393458130443768,0.4590290651581905,14.224546080131057,127.38336181640625
47100,2025-07-27 19:03:55.232,1,-0.5566078934228263,0.45893412327582145,14.234159197690417,127.29733276367188
47200,2025-07-27 19:03:55.332,1,-0.44026836841728073,0.453255005026738,14.13706362203897,128.171630859375
47300,2025-07-27 19:03:55.432,1,-0.39103130500969496,0.4577912013544924,14.27833658596352,126.90347290039062
47400,2025-07-27 19:03:55.532,1,-0.27639662189501296,0.4576387587167724,14.473125007826598,125.19552612304688
47500,2025-07-27 19:03:55.632,1,-0.18701079471496573,0.45305817194577697,14.523619849003088,124.76025390625
47600,2025-07-27 19:03:55.732,1,-0.050808464091682326,0.44794504710416166,14.562346918229366,124.428466796875
47700,2025-07-27 19:03:55.832,1,0.058422010946111755,0.4456207051924074,14.51621286430907,124.82391357421875
47800,2025-07-27 19:03:55.932,1,0.2187853364782947,0.43967045043179964,14.603353206468379,124.07907104492188
47900,2025-07-27 19:03:56.032,1,0.39157423839504535,0.417107979136549,14.005651675081797,129.37423706054688
48000,2025-07-27 19:03:56.132,1,0.5911917327520263,0.40784729317552987,13.853584732520495,130.79434204101562
48100,2025-07-27 19:03:56.232,1,0.7362612302573858,0.39878330217899505,13.719528739545746,132.07235717773438
48200,2025-07-27 19:03:56.332,1,0.9543802984182496,0.3877342413697029,13.564576984651065,133.5810546875
48300,2025-07-27 19:03:56.432,1,1.12756890592602,0.38068277873815587,13.46011709044456,134.61773681640625
48400,2025-07-27 19:03:56.532,1,1.3254953250384596,0.3769526738177123,13.274509157505332,136.5
48500,2025-07-27 19:03:56.632,1,1.4853005715736864,0.3570005886385937,12.974429754106692,139.65704345703125
48600,2025-07-27 19:03:56.732,1,1.694767750325693,0.3525622959971257,13.11397494028449,138.17095947265625
48700,2025-07-27 19:03:56.832,1,1.8122186406495935,0.3395585721562837,12.661335548801048,143.11053466796875
48800,2025-07-27 19:03:56.932,1,1.9865715936782278,0.3331180987574253,12.59311523038546,143.88580322265625
48900,2025-07-27 19:03:57.032,1,2.063411761595855,0.31899771057239945,12.210659509889075,148.39251708984375
49000,2025-07-27 19:03:57.132,1,2.1368022262069726,0.3122592531654362,12.000590451532664,150.9901123046875
49100,2025-07-27 19:03:57.232,1,2.1889210859692327,0.3121929653430981,12.076786102426983,150.0374755859375
49200,2025-07-27 19:03:57.332,1,2.2331110157730403,0.3062272825935438,11.976432529772909,151.294677734375
49300,2025-07-27 19:03:57.432,1,2.247843624412768,0.3031991946884164,11.86280134070584,152.743896484375
49400,2025-07-27 19:03:57.532,1,2.3368199922837545,0.311883596582912,12.19027271961671,148.64068603515625
49500,2025-07-27 19:03:57.632,1,2.39251289612372,0.32047932730754813,12.259865113634472,147.79693603515625
49600,2025-07-27 19:03:57.732,1,2.5339446708409064,0.31934529445712073,12.342518787551702,146.80718994140625
49700,2025-07-27 19:03:57.832,1,2.640781927934537,0.3157925872867434,12.301460882259331,147.29718017578125
49800,2025-07-27 19:03:57.932,1,2.8463719610967324,0.3257872479520051,12.738962756734878,142.23846435546875
49900,2025-07-27 19:03:58.032,1,2.8227333979939586,0.3198047711628442,12.211769550666522,148.3790283203125
50000,2025-07-27 19:03:58.132,1,2.8998874985266347,0.3182795646376504,12.020035740252911,150.745849609375
50100,2025-07-27 19:03:58.232,1,2.9288677880764284,0.3130839632617987,12.01763690349824,150.77593994140625
50200,2025-07-27 19:03:58.332,1,2.915165374347115,0.30800229177151106,11.839812983487553,153.04046630859375
50300,2025-07-27 19:03:58.432,1,2.9226087386858066,0.29790604736808607,11.836249007041566,153.0865478515625
50400,2025-07-27 19:03:58.532,1,2.924431746686125,0.29522383072239244,11.84507081428792,152.9725341796875
50500,2025-07-27 19:03:58.632,1,2.9216636212639653,0.2990689012841072,11.864963299624891,152.716064453125
50600,2025-07-27 19:03:58.732,1,2.9198386027938565,0.3060779286922484,11.956574139651776,151.54595947265625
50700,2025-07-27 19:03:58.832,1,2.915845002902033,0.31073021978919835,12.05345112268443,150.32794189453125
50800,2025-07-27 19:03:58.932,1,2.888046681324693,0.31721417968733073,12.092163161561396,149.8466796875
50900,2025-07-27 19:03:59.032,1,2.8972213168003433,0.3271785561789245,12.272281809215352,147.64739990234375
51000,2025-07-27 19:03:59.132,1,2.9256905562630546,0.3383816435685863,12.592404798520946,143.8939208984375
51100,2025-07-27 19:03:59.232,1,2.9309092316043586,0.34313015605757435,12.711662330006956,142.5439453125
51200,2025-07-27 19:03:59.332,1,2.9685291358956656,0.357139811265892,13.065534543383087,138.6832275390625
51300,2025-07-27 19:03:59.432,1,2.976242733046951,0.366834721279562,13.256732080472554,136.68304443359375
51400,2025-07-27 19:03:59.532,1,2.9771342453216154,0.3845927891140471,13.439144105139631,134.82781982421875
51500,2025-07-27 19:03:59.632,1,2.993689600224838,0.39795786625526036,13.702883575455479,132.2327880859375
51600,2025-07-27 19:03:59.732,1,3.0155487883789602,0.4147197546488704,14.050584139531912,128.96051025390625
51700,2025-07-27 19:03:59.832,1,3.041113460393599,0.4344471087274844,14.374722936983963,126.05255126953125
51800,2025-07-27 19:03:59.932,1,3.0901906162411916,0.4637324492949854,14.85041184818072,122.01483154296875
51900,2025-07-27 19:04:00.032,1,3.036054399754009,0.4618047572379582,14.710364369263639,123.17645263671875
52000,2025-07-27 19:04:00.132,1,3.0400322872505217,0.4753007069512711,15.010154974978178,120.71630859375
52100,2025-07-27 19:04:00.232,1,3.070650494667235,0.49916392721492,15.411859049503285,117.56988525390625
52200,2025-07-27 19:04:00.332,1,3.1393876329551116,0.5211504454394388,16.01528449624529,113.14007568359375
52300,2025-07-27 19:04:00.432,1,3.108365606846885,0.5239958363612152,15.972812389429254,113.44091796875
52400,2025-07-27 19:04:00.532,1,3.1212563907779445,0.547713009340021,16.308580587245004,111.1053466796875
52500,2025-07-27 19:04:00.632,1,3.104752352527214,0.5531927897482914,16.37161718176087,110.67755126953125
52600,2025-07-27 19:04:00.732,1,3.098032273688852,0.5745720508360312,16.568861948677913,109.3599853515625
52700,2025-07-27 19:04:00.832,1,3.159189335965428,0.6031772962008995,17.179100988533374,105.47528076171875
52800,2025-07-27 19:04:00.932,1,3.2183298995392406,0.6407031180582902,17.79135119300378,101.8455810546875
52900,2025-07-27 19:04:01.032,1,3.2254027937413547,0.6660585590802663,17.958110503441894,100.89984130859375
53000,2025-07-27 19:04:01.132,1,3.219870315781603,0.6855699172793562,18.055578163244338,100.35516357421875
53100,2025-07-27 19:04:01.232,1,3.205403863059332,0.6748001894310369,18.054600884987146,100.360595703125
53200,2025-07-27 19:04:01.332,1,3.0887250006558933,0.6451729584853396,17.523557509477648,103.4019775390625
53300,2025-07-27 19:04:01.432,1,2.8460802293015086,0.6044452703829772,16.377334171853075,110.638916015625
53400,2025-07-27 19:04:01.532,1,2.5835322216210317,0.5695911260739946,15.37533368723341,117.84918212890625
53500,2025-07-27 19:04:01.632,1,2.397812722380259,0.5379861068311533,14.71843056949517,123.10894775390625
53600,2025-07-27 19:04:01.732,1,2.1602994344881514,0.5225365590057384,14.188575791693244,127.706298828125
53700,2025-07-27 19:04:01.832,1,1.9352474011448344,0.48921208486452306,13.387406979571855,135.348876953125
53800,2025-07-27 19:04:01.932,1,1.7232484291280812,0.46439980507704576,13.072127603208857,138.61328125
53900,2025-07-27 19:04:02.032,1,1.57717562041268,0.4989007484612098,13.86549337487819,130.6820068359375
54000,2025-07-27 19:04:02.132,1,1.4327860068554021,0.5456272362431054,14.73146747967055,123.0
54100,2025-07-27 19:04:02.232,1,1.0721964731373026,0.44543382826532835,12.850854609925374,141.0
54200,2025-07-27 19:04:02.332,1,0.8193588548381411,0.4601489763850228,12.70494928774465,142.6192626953125
54300,2025-07-27 19:04:02.432,1,0.5491365653964516,0.4974880128967266,13.64768185576996,132.76763916015625
54400,2025-07-27 19:04:02.532,1,0.34657112122145595,0.4994006784740841,13.805489523805544,131.25
54500,2025-07-27 19:04:02.632,1,0.07354499829386835,0.554672687131341,15.33343525829867,118.17120361328125
54600,2025-07-27 19:04:02.732,1,-0.13659341844502906,0.5023831756325192,13.805489523805544,131.25
54700,2025-07-27 19:04:02.832,1,-0.3062508921651981,0.5077667498119492,13.78494096156025,131.44564819335938
54800,2025-07-27 19:04:02.932,1,-0.5243223383945278,0.5142095512489347,13.964883630139228,129.75192260742188
54900,2025-07-27 19:04:03.032,1,-0.6845008769570885,0.48641118744892076,13.442238410001421,134.79678344726562
55000,2025-07-27 19:04:03.132,1,-0.9765026801179946,0.5172147077973439,14.046282945732386,129.0
55400,2025-07-27 19:04:03.532,1,-1.9607813064605688,0.7182452062435655,18.84011756429171,96.17617797851562
55500,2025-07-27 19:04:03.632,1,-2.0189429517838837,0.716347311208274,19.231029378379137,94.22119140625
55600,2025-07-27 19:04:03.732,1,-2.0233685923683464,0.7085996110381129,19.269119003855433,94.03494262695312
55700,2025-07-27 19:04:03.832,1,-1.9789218746705384,0.6993186723020954,19.007825457985778,95.32760620117188
55800,2025-07-27 19:04:03.932,1,-1.9944996932720613,0.6975434477211665,19.164475370875664,94.54840087890625
55900,2025-07-27 19:04:04.032,1,-1.9880627455190316,0.6913458730603405,19.227417356099664,94.2388916015625
56000,2025-07-27 19:04:04.132,1,-2.0032977622874353,0.7003553038239181,19.491068965138073,92.96414184570312
56100,2025-07-27 19:04:04.232,1,-2.041941400840587,0.7215993525724701,19.95496766317728,90.802978515625
56200,2025-07-27 19:04:04.332,1,-2.17657971621433,0.7714456482972119,21.455076271749842,84.45416259765625
56300,2025-07-27 19:04:04.432,1,-2.212306628144107,0.7973432990107643,22.1648925977157,81.74957275390625
56400,2025-07-27 19:04:04.532,1,-2.111467542157317,0.799260124151594,21.838975581024233,82.96957397460938
57400,2025-07-27 19:04:05.532,1,-1.846982817170914,1.0227631145944223,25.644584196356778,70.65704345703125
57500,2025-07-27 19:04:05.632,1,-1.8497753281215539,1.0606837223668193,26.31516752898913,68.85650634765625
57600,2025-07-27 19:04:05.732,1,-1.7747417580389602,1.0693446382270775,26.243286913852067,69.04510498046875
57700,2025-07-27 19:04:05.832,1,-1.737065498959884,1.0832543991891086,26.43148155794322,68.55349731445312
58100,2025-07-27 19:04:06.232,1,-1.5957258713313383,1.1366836181150823,26.924457956550985,67.29830932617188
58200,2025-07-27 19:04:06.332,1,-1.560354593557788,1.115093868478477,26.799891014178357,67.61111450195312
58300,2025-07-27 19:04:06.432,1,-1.5538201526478383,1.1391055779704575,27.320520647755718,66.32269287109375
58400,2025-07-27 19:04:06.532,1,-1.5820612678350006,1.2054267203630775,28.86906003437706,62.76513671875
58500,2025-07-27 19:04:06.632,1,-1.539650599115132,1.2412361359278183,30.151598993290126,60.0953369140625
58600,2025-07-27 19:04:06.732,1,-1.4055201778076476,1.27826625741308,31.08151720786755,58.29736328125
58700,2025-07-27 19:04:06.832,1,-1.3139759381976346,1.3342680623402243,32.33547035193338,56.03662109375
58800,2025-07-27 19:04:06.932,1,-1.0711892166538215,1.3772081242195244,33.28617610298167,54.436126708984375
58900,2025-07-27 19:04:07.032,1,-0.7233153321076672,1.303076962795612,31.65908408808123,57.23382568359375
59000,2025-07-27 19:04:07.132,1,-0.44798389265969923,1.3660527193085235,33.55500925924959,54.0
59100,2025-07-27 19:04:07.232,1,-0.06501364492992648,1.290505528284561,32.04381047221273,56.546661376953125
59200,2025-07-27 19:04:07.332,1,0.335507578482745,1.2483685308094523,30.992091733992527,58.465576171875
59300,2025-07-27 19:04:07.432,1,0.6689038002496992,1.2188753973078454,29.829551975812116,60.744140625
59400,2025-07-27 19:04:07.532,1,1.0077897395339546,1.1598057882176045,28.806200607800054,62.902099609375
59500,2025-07-27 19:04:07.632,1,1.3713613288072466,1.2160567786489176,30.195914459228224,60.00714111328125
59600,2025-07-27 19:04:07.732,1,1.4908579714030272,1.0567938718233991,26.521493745796352,68.32083129882812
59700,2025-07-27 19:04:07.832,1,1.9632583415705138,1.1841595472479665,29.927070433232064,60.54620361328125
60300,2025-07-27 19:04:08.432,1,2.366775160857812,0.976895064000545,25.11547873197402,72.14556884765625
60400,2025-07-27 19:04:08.532,1,2.3798752854762655,0.9513428968915746,24.67880961769872,73.422119140625
60600,2025-07-27 19:04:08.732,1,2.449278688819994,0.9811596671480383,25.16632094570099,71.99981689453125
60700,2025-07-27 19:04:08.832,1,2.4742378852415174,0.9945287642934605,25.258069588884634,71.73828125
61100,2025-07-27 19:04:09.232,1,2.576049316876767,0.9772696699606795,24.822821220275312,72.99615478515625
61200,2025-07-27 19:04:09.332,1,2.570193069384665,0.9669574959028014,24.654727691433056,73.49383544921875
61300,2025-07-27 19:04:09.432,1,2.553557560698404,0.961298793180685,24.4032418974523,74.251220703125
61400,2025-07-27 19:04:09.532,1,2.5372139271263077,0.9460747581475785,24.145341108680455,75.0443115234375
61500,2025-07-27 19:04:09.632,1,2.547319403835423,0.9530165936000747,24.312907781152187,74.527099609375
61600,2025-07-27 19:04:09.732,1,2.56768324977789,0.9605010912750925,24.643594181621513,73.52703857421875
61700,2025-07-27 19:04:09.832,1,2.5378042342301157,0.9461436203956572,24.27384465791681,74.64703369140625
61800,2025-07-27 19:04:09.932,1,2.4900117141181672,0.9196413637140222,23.716807993972754,76.4002685546875
61900,2025-07-27 19:04:10.032,1,2.510752938236516,0.9215730996421932,23.89893171405273,75.81805419921875
62000,2025-07-27 19:04:10.132,1,2.5072137282598437,0.9027651017599488,23.67634940795135,76.53082275390625
62100,2025-07-27 19:04:10.232,1,2.486054102866411,0.8884246973616088,23.319347275923956,77.70245361328125
62200,2025-07-27 19:04:10.332,1,2.4792225948293027,0.8797449911602259,23.210811843343347,78.0657958984375
62300,2025-07-27 19:04:10.432,1,2.460938053704613,0.8635495224298628,22.876930956911703,79.20513916015625
62400,2025-07-27 19:04:10.532,1,2.4596178473718764,0.840771098948328,22.57151814703103,80.27685546875
62500,2025-07-27 19:04:10.632,1,2.4457550632065437,0.8323406936284206,22.354172506326176,81.057373046875
62600,2025-07-27 19:04:10.732,1,2.4419976733010635,0.820153266292272,22.14323516682873,81.82952880859375
62700,2025-07-27 19:04:10.832,1,2.4575650833105565,0.8240355626571867,22.28846734170605,81.29632568359375
62800,2025-07-27 19:04:10.932,1,2.4399216625445774,0.8082028772492903,21.956764921621886,82.52447509765625
62900,2025-07-27 19:04:11.032,1,2.415750089290492,0.7944992645105888,21.580752415416722,83.96234130859375
63000,2025-07-27 19:04:11.132,1,2.389506390553207,0.7654880641597529,21.169697059929007,85.5926513671875
63100,2025-07-27 19:04:11.232,1,2.3601453472157714,0.7442952984618734,20.708884327417813,87.49725341796875
63200,2025-07-27 19:04:11.332,1,2.342226866361544,0.7290912289986679,20.2849611769969,89.3258056640625
63300,2025-07-27 19:04:11.432,1,2.342117370779969,0.7172735423824332,20.183005908593437,89.77703857421875
63400,2025-07-27 19:04:11.532,1,2.3403249634885395,0.7058788677122072,20.118188692946305,90.0662841796875
63500,2025-07-27 19:04:11.632,1,2.272787614741308,0.6777106153975221,19.541856960984806,92.7225341796875
63600,2025-07-27 19:04:11.732,1,2.218021689544644,0.6466806204101285,19.140479974824,94.66693115234375
63700,2025-07-27 19:04:11.832,1,2.1595885953019334,0.6297989816740155,18.823614429224342,96.260498046875
63800,2025-07-27 19:04:11.932,1,2.07814201468215,0.6108058520642214,18.567958455056328,97.58587646484375
63900,2025-07-27 19:04:12.032,1,1.9885212416237785,0.5906804235600625,18.136963011063045,99.90484619140625
64000,2025-07-27 19:04:12.132,1,1.8907659521779983,0.5681892939885098,17.728115342854935,102.2088623046875
64100,2025-07-27 19:04:12.232,1,1.778522727888597,0.5494642175906462,17.28830670088036,104.80902099609375
64200,2025-07-27 19:04:12.332,1,1.6487788455180876,0.5333987351369642,16.986500935795906,106.67120361328125
64300,2025-07-27 19:04:12.432,1,1.5385246066986062,0.5167021901786368,16.75774447865619,108.12734985351562
64400,2025-07-27 19:04:12.532,1,1.3741304984801213,0.48479876632084934,15.857182055675231,114.26812744140625
64500,2025-07-27 19:04:12.632,1,1.2610152471613592,0.4864468772984866,15.997334079112003,113.26702880859375
64600,2025-07-27 19:04:12.732,1,1.0853295133328256,0.46276327176079723,15.49205923728336,116.96124267578125
64700,2025-07-27 19:04:12.832,1,0.9612810694203776,0.44060512377349126,14.937075069209792,121.30691528320312
64800,2025-07-27 19:04:12.932,1,0.825850707913189,0.4483666372722658,15.670322791812925,115.63070678710938
64900,2025-07-27 19:04:13.032,1,0.6570726011886933,0.42032675653115326,14.800301153690695,122.42794799804688
65000,2025-07-27 19:04:13.132,1,0.5029259292641748,0.40073887898664157,14.574994180764598,124.32049560546875
65100,2025-07-27 19:04:13.232,1,0.4202832019783753,0.3798872234060552,13.914125690697269,130.22525024414062
65200,2025-07-27 19:04:13.332,1,0.28279236547261466,0.3692561241417398,13.874834662166611,130.59402465820312
65300,2025-07-27 19:04:13.432,1,0.13538623203445893,0.34439045561942017,13.451554259865146,134.70343017578125
65400,2025-07-27 19:04:13.532,1,0.03754801452249161,0.31814574325560596,12.554956534533025,144.3231201171875
65500,2025-07-27 19:04:13.632,1,-0.06505091641952447,0.3161019289218758,12.94448898212721,139.98007202148438
65600,2025-07-27 19:04:13.732,1,-0.18880966640604344,0.28256483692135276,11.978039226062368,151.27438354492188
65700,2025-07-27 19:04:13.832,1,-0.319226486615066,0.27831392538276595,12.066271983400549,150.168212890625
65800,2025-07-27 19:04:13.932,1,-0.39799841499555066,0.26565085944577804,11.796059058718175,153.60812377929688
65900,2025-07-27 19:04:14.032,1,-0.48716586178808646,0.24139413838396495,11.427999108463156,158.55535888671875
66000,2025-07-27 19:04:14.132,1,-0.5689309323249037,0.2086110136788127,10.594889252906075,171.0230712890625
66100,2025-07-27 19:04:14.232,1,-0.6567800084405295,0.19617242782199212,10.457433168722744,173.27105712890625
66200,2025-07-27 19:04:14.332,1,-0.7659979906341828,0.18154737912203248,10.480749171726062,172.88558959960938
66300,2025-07-27 19:04:14.432,1,-0.8286552365350728,0.1664399773727194,10.238764985369539,176.97158813476562
66400,2025-07-27 19:04:14.532,1,-0.8842973854234939,0.13966825713485148,9.808701413433198,184.73092651367188
66500,2025-07-27 19:04:14.632,1,-0.9020563448250227,0.12255273852739862,9.40572859286822,192.64541625976562
66600,2025-07-27 19:04:14.732,1,-0.9509099226425105,0.10360469929022068,9.205634601666603,196.832763671875
66700,2025-07-27 19:04:14.832,1,-0.9548632516928957,0.09061368717872952,8.93463321198957,202.80300903320312
66800,2025-07-27 19:04:14.932,1,-0.9301870404197695,0.0630556286928691,8.55010149213766,211.92385864257812
66900,2025-07-27 19:04:15.032,1,-0.9022565280606019,0.04897973741583799,8.351031672360108,216.97564697265625
67000,2025-07-27 19:04:15.132,1,-0.8380620721029665,0.031324333137410745,8.108573635635883,223.46353149414062
67100,2025-07-27 19:04:15.232,1,-0.7727805005390135,0.021066742161017202,7.957379733493936,227.70944213867188
67200,2025-07-27 19:04:15.332,1,-0.6541088046706478,2.893227051091805e-05,7.744199947226033,233.97775268554688
67300,2025-07-27 19:04:15.432,1,-0.5733866431448308,-0.009533290287544925,7.74685936799905,233.89743041992188
67400,2025-07-27 19:04:15.532,1,-0.34961173167231185,-0.03424662658440132,7.232070673610659,250.54656982421875
67500,2025-07-27 19:04:15.632,1,-0.26360762731026754,-0.04561683147165266,7.441562470889425,243.4932861328125
67600,2025-07-27 19:04:15.732,1,-0.0460237106822637,-0.06818361036844588,7.151490523238403,253.36962890625
67700,2025-07-27 19:04:15.832,1,0.14994489826418958,-0.07977513393859058,6.583105654727999,275.24554443359375
67800,2025-07-27 19:04:15.932,1,0.31452230131415704,-0.0878241644315581,6.31427967696889,286.96392822265625
67900,2025-07-27 19:04:16.032,1,0.38987638244088263,-0.08594900009527957,6.116343516893351,296.2506103515625
68000,2025-07-27 19:04:16.132,1,0.44919367147385275,-0.0839419730799807,5.889899285746458,307.64031982421875
68100,2025-07-27 19:04:16.232,1,0.44484861798003444,-0.09212417891018969,5.794782327071732,312.69000244140625
68200,2025-07-27 19:04:16.332,1,0.4046147124731065,-0.09717556546990516,5.770394696743475,314.01153564453125
68300,2025-07-27 19:04:16.432,1,0.35284672622103413,-0.09855416006736625,5.6877090964112265,318.5765075683594
68400,2025-07-27 19:04:16.532,1,0.2744390246414004,-0.10992827841282185,5.744297979657556,315.4381103515625
68500,2025-07-27 19:04:16.632,1,0.21390951178705872,-0.11133932444056337,5.719112094197861,316.8272399902344
68600,2025-07-27 19:04:16.732,1,0.1482788750782705,-0.10465757493311398,5.787182792913629,313.1006164550781
68700,2025-07-27 19:04:16.832,1,0.13219745395578467,-0.10266696364372878,5.819553791125536,311.3590087890625
68800,2025-07-27 19:04:16.932,1,0.11777227797985201,-0.11013254868177108,5.893762099057566,307.4386901855469
68900,2025-07-27 19:04:17.032,1,0.12097207441152204,-0.11153811786694684,5.8908576468678,307.59027099609375
69000,2025-07-27 19:04:17.132,1,0.12476618942781298,-0.11185411988588675,5.908268634115942,306.683837890625
69100,2025-07-27 19:04:17.232,1,0.13644906788685301,-0.10686194918486219,5.903529674768815,306.9300231933594
69200,2025-07-27 19:04:17.332,1,0.1465819142307785,-0.10924533269226433,5.921195856662522,306.0142822265625
69300,2025-07-27 19:04:17.432,1,0.15346792581317165,-0.10507078385767618,5.930948601170184,305.5110778808594
69400,2025-07-27 19:04:17.532,1,0.16117582025105484,-0.10622640084890293,5.891970672051113,307.53216552734375
69500,2025-07-27 19:04:17.632,1,0.1660940423016814,-0.1089318264966987,5.8997818477801465,307.125
69600,2025-07-27 19:04:17.732,1,0.17173866309963182,-0.1094979187550254,5.915441744782464,306.31195068359375
69700,2025-07-27 19:04:17.832,1,0.17240306779776435,-0.11017600905047292,5.9361411749162825,305.24383544921875
69800,2025-07-27 19:04:17.932,1,0.17651938351069,-0.11187161015291304,5.908759001417601,306.65838623046875
69900,2025-07-27 19:04:18.032,1,0.1748052093466345,-0.11485349217114557,5.933838172507252,305.3623046875
70000,2025-07-27 19:04:18.132,1,0.17310208390106893,-0.11564159519725657,5.971897101516503,303.4162292480469
70100,2025-07-27 19:04:18.232,1,0.17207300974128675,-0.11012180922847556,5.927830431597813,305.6717834472656
70200,2025-07-27 19:04:18.332,1,0.15431799284762937,-0.11467171387082777,5.823741816084695,311.1351013183594
70300,2025-07-27 19:04:18.432,1,0.10561611174004602,-0.10322104984566671,5.699840849326218,317.8984375
70500,2025-07-27 19:04:18.632,1,-0.1659241634596507,-0.0985035881429917,5.7380915022961085,315.779296875
70600,2025-07-27 19:04:18.732,1,-0.27183658427436885,-0.09402083558109335,5.336283983475522,339.5566101074219
70800,2025-07-27 19:04:18.932,1,-0.7862100123922846,-0.10502588948214875,5.635169907567282,321.54673767089844
70900,2025-07-27 19:04:19.032,1,-0.8853262670822756,-0.10366936157068476,5.358221378015694,338.1664123535156
71000,2025-07-27 19:04:19.132,1,-1.1762597522685196,-0.11489515053778385,5.684613333331694,318.75
71100,2025-07-27 19:04:19.232,1,-1.3897543670546488,-0.1075133601030332,5.778698093624989,313.5603332519531
71400,2025-07-27 19:04:19.532,1,-1.854690064773672,-0.09629030228642776,6.05947612179633,299.0308837890625
71500,2025-07-27 19:04:19.632,1,-1.923235477062128,-0.10266372343550684,6.156881730604983,294.30003356933594
71600,2025-07-27 19:04:19.732,1,-1.9284356536224507,-0.10878721469711658,6.076256662390787,298.20506286621094
71700,2025-07-27 19:04:19.832,1,-1.9609533357452418,-0.11467302323581303,6.138025532474445,295.2041320800781
71800,2025-07-27 19:04:19.932,1,-1.9842237254837105,-0.12068162797759177,6.215543941778395,291.52243423461914
72100,2025-07-27 19:04:20.232,1,-1.9434756079987519,-0.10739340008124643,6.210181889350916,291.77414321899414
72700,2025-07-27 19:04:20.832,1,-1.4261409114825747,-0.11907631796517104,6.510772290601678,278.303466796875
72800,2025-07-27 19:04:20.932,1,-1.1812752769721733,-0.1286313996584276,6.503258860473676,278.625
72900,2025-07-27 19:04:21.032,1,-0.9516339466244755,-0.13450564620691477,6.547671586701569,276.73509216308594
73000,2025-07-27 19:04:21.132,1,-0.6367046917745852,-0.13547379028692624,6.494517921145082,279.0
73100,2025-07-27 19:04:21.232,1,-0.34664190669733536,-0.14858295278634315,6.523603536158215,277.7560729980469
73200,2025-07-27 19:04:21.332,1,0.030983604164431862,-0.157078187246938,6.459787878786016,280.5
73300,2025-07-27 19:04:21.432,1,0.3726163270744966,-0.17012046000683684,6.402693616332037,283.00128173828125
73400,2025-07-27 19:04:21.532,1,0.7231614660432405,-0.17742647308049483,6.242792420325505,290.25
73500,2025-07-27 19:04:21.632,1,1.0176427443405536,-0.1771215180855469,6.220524293921313,291.2890319824219
73600,2025-07-27 19:04:21.732,1,1.2945641176126086,-0.1865742805793255,6.100910774409015,297.0
73900,2025-07-27 19:04:22.032,1,1.5964555745427857,-0.16358959928337585,5.755938743070331,314.8001708984375
74000,2025-07-27 19:04:22.132,1,1.641462879446789,-0.17688645304754952,5.8128399705653555,311.7186279296875
74100,2025-07-27 19:04:22.232,1,1.6579223187633272,-0.17913011413821486,5.763924689836686,314.364013671875
74200,2025-07-27 19:04:22.332,1,1.669377201092651,-0.17359123088497247,5.750994682803081,315.07080078125
74300,2025-07-27 19:04:22.432,1,1.684244020635472,-0.17357074516873952,5.739306204788053,315.71246337890625
74400,2025-07-27 19:04:22.532,1,1.7156300291919782,-0.1719684064385268,5.790081874336186,312.94384765625
74500,2025-07-27 19:04:22.632,1,1.750605455011509,-0.17384787496149648,5.834417453337442,310.5657958984375
74600,2025-07-27 19:04:22.732,1,1.7645961847839349,-0.16702736236076807,5.79382104671549,312.74188232421875
74700,2025-07-27 19:04:22.832,1,1.7599357384753367,-0.16942094825109819,5.768255467559615,314.12799072265625
74800,2025-07-27 19:04:22.932,1,1.7631348843953936,-0.17337343488423465,5.8325410209559045,310.66571044921875
74900,2025-07-27 19:04:23.032,1,1.7619940592921663,-0.17212555836593263,5.865315686143043,308.92974853515625
75000,2025-07-27 19:04:23.132,1,1.7475756100970028,-0.1676587554554781,5.897066490697119,307.26641845703125
75100,2025-07-27 19:04:23.232,1,1.7342965635265672,-0.15618509852803816,5.909864684349439,306.60101318359375
75200,2025-07-27 19:04:23.332,1,1.7331675838399616,-0.1537680815860796,6.0686621271936625,298.5782470703125
75300,2025-07-27 19:04:23.432,1,1.7575342877793778,-0.14123158527602186,6.3234347443222285,286.5484619140625
75400,2025-07-27 19:04:23.532,1,1.7582824923605997,-0.12896182615410712,6.44002517931662,281.36077880859375
75500,2025-07-27 19:04:23.632,1,1.7700736308621787,-0.12084139240603894,6.645351723222111,272.6673583984375
75600,2025-07-27 19:04:23.732,1,1.7900513718021853,-0.10321172333844883,6.994780578060667,259.04608154296875
75700,2025-07-27 19:04:23.832,1,1.8068492218826426,-0.08834773496051973,7.259007989294001,249.6168212890625
75800,2025-07-27 19:04:23.932,1,1.816241612184198,-0.07533385562048388,7.483257487080562,242.1365966796875
75900,2025-07-27 19:04:24.032,1,1.8426642556497006,-0.05345268800280753,7.857502161601074,230.6038818359375
76000,2025-07-27 19:04:24.132,1,1.8717951679674136,-0.02973151398921882,8.298322847543204,218.35382080078125
76100,2025-07-27 19:04:24.232,1,1.8840863516868624,-0.012124453041017662,8.56473758700496,211.56170654296875
76200,2025-07-27 19:04:24.332,1,1.9131983902529868,0.014147807550065254,9.031543484150918,200.62689208984375
76300,2025-07-27 19:04:24.432,1,1.93091464557087,0.031327224496879275,9.314240297678271,194.53765869140625
76400,2025-07-27 19:04:24.532,1,1.9666165982119042,0.05978009548410834,9.847904228210483,183.99554443359375
76500,2025-07-27 19:04:24.632,1,1.9759824563030783,0.08490142452390664,10.158921432530656,178.36248779296875
76600,2025-07-27 19:04:24.732,1,2.0116112242153674,0.11327657967570551,10.671377738985075,169.7972412109375
76700,2025-07-27 19:04:24.832,1,2.0380944817999724,0.1377138196946392,11.1232975107614,162.898681640625
76800,2025-07-27 19:04:24.932,1,2.0692983958109625,0.1744817651934282,11.700019260854505,154.8690185546875
76900,2025-07-27 19:04:25.032,1,2.034968848771621,0.17555817827245718,11.559885984094842,156.74639892578125
77000,2025-07-27 19:04:25.132,1,2.0626715292677757,0.21638701426580476,12.097987727317772,149.7745361328125
77100,2025-07-27 19:04:25.232,1,2.029539153303736,0.22928416848027872,12.219394602645144,148.28643798828125
77200,2025-07-27 19:04:25.332,1,1.9198966797895265,0.25464956276846695,12.182758948811568,148.73236083984375
77300,2025-07-27 19:04:25.432,1,1.8125579558987717,0.27028587860251624,12.444859638756947,145.59991455078125
77400,2025-07-27 19:04:25.532,1,1.6928543035389623,0.2945812380035808,13.055519619122427,138.78961181640625
77500,2025-07-27 19:04:25.632,1,1.5517249421341928,0.3157972672354141,13.41846684471796,135.03558349609375
77600,2025-07-27 19:04:25.732,1,1.3388334254190035,0.34922176815006906,13.903214171406367,130.32745361328125
77700,2025-07-27 19:04:25.832,1,1.109475776707815,0.3270407283557554,13.403012708948927,135.1912841796875
77800,2025-07-27 19:04:25.932,1,0.8585013602137862,0.34928926203408917,13.88483141762052,130.5
77900,2025-07-27 19:04:26.032,1,0.6034837632194366,0.35912086998545834,13.919367608973266,130.17620849609375
78000,2025-07-27 19:04:26.132,1,0.2997373109045862,0.37067845969334634,14.128424951262984,128.25
78100,2025-07-27 19:04:26.232,1,0.021766110685457894,0.3805120003241018,14.577323699021818,124.30062866210938
78200,2025-07-27 19:04:26.332,1,-0.27295678489628245,0.3831770448008557,14.726067325368987,123.04510498046875
78300,2025-07-27 19:04:26.432,1,-0.5098970327221612,0.40668705684627077,14.788759067955937,122.52349853515625
78400,2025-07-27 19:04:26.532,1,-0.7755392995829639,0.443123869471473,15.486927350422887,117.0
78500,2025-07-27 19:04:26.632,1,-1.0018371792283973,0.46475494973085363,15.891810682513576,114.01913452148438
78600,2025-07-27 19:04:26.732,1,-1.2183142486656022,0.47094763518793326,16.214501118563557,111.75
78700,2025-07-27 19:04:26.832,1,-1.4181018354630681,0.49136452134213954,16.59607045887124,109.18069458007812
78800,2025-07-27 19:04:26.932,1,-1.6353964631732767,0.5198781536124746,17.13447281323383,105.75
78900,2025-07-27 19:04:27.032,1,-1.7982965920599756,0.5300362362988319,17.49928362121715,103.54541015625
79000,2025-07-27 19:04:27.132,1,-2.0398084254118576,0.5619446717583755,18.520927709462523,97.83367919921875
79100,2025-07-27 19:04:27.232,1,-2.065006712898085,0.5803852702125419,18.363221673146914,98.67388916015625
79200,2025-07-27 19:04:27.332,1,-2.221472045828993,0.6274489181646653,19.533190777970997,92.763671875
79300,2025-07-27 19:04:27.432,1,-2.238416380962546,0.6463696259795728,19.830125986413197,91.3746337890625
79500,2025-07-27 19:04:27.632,1,-2.142007496260019,0.71233181542772,20.984215657156316,86.34921264648438
79600,2025-07-27 19:04:27.732,1,-2.041403959308386,0.725720235853325,21.449805656923512,84.47491455078125
79700,2025-07-27 19:04:27.832,1,-2.0111336944528735,0.7757250959872082,22.715930529963547,79.76651000976562
79800,2025-07-27 19:04:27.932,1,-1.7884607537905142,0.8069407884998077,23.008863878169482,78.7509765625
79900,2025-07-27 19:04:28.032,1,-1.5976637758288526,0.8133461419899423,23.441038124920208,77.299072265625
80000,2025-07-27 19:04:28.132,1,-1.311551928662549,0.8394597397953862,23.92040264025713,75.75
80100,2025-07-27 19:04:28.232,1,-1.0303669987375768,0.8419718234237539,24.179864780910965,74.93716430664062
80200,2025-07-27 19:04:28.332,1,-0.6744159849247866,0.8312297423464119,23.68588888888206,76.5
80300,2025-07-27 19:04:28.432,1,-0.5248785854432199,0.8898934898766288,25.518901438214186,71.00503540039062
80400,2025-07-27 19:04:28.532,1,-0.24847798067856305,0.9102343447161058,26.260442028977938,69.0
80500,2025-07-27 19:04:28.632,1,0.000748045732455942,0.9296403712382451,26.55942159119626,68.2232666015625
80600,2025-07-27 19:04:28.732,1,0.27874578759393054,0.9019726991418512,25.70170921985075,70.5
80700,2025-07-27 19:04:28.832,1,0.46004080026582345,0.9007331592073485,25.352697860660697,71.47052001953125
80800,2025-07-27 19:04:28.932,1,0.6641659283087402,0.9138282639897921,25.56845165757015,70.867431640625
80900,2025-07-27 19:04:29.032,1,0.8373647381460705,0.8328628600199933,23.68431103836338,76.50509643554688
81000,2025-07-27 19:04:29.132,1,1.012349337547757,0.8940552887998572,25.16625694443719,72.0
81100,2025-07-27 19:04:29.232,1,1.0977883104194264,0.8535810901904115,23.990416441333696,75.5289306640625
81200,2025-07-27 19:04:29.332,1,1.2832880099217048,0.8516918128455931,23.986326539146678,75.54180908203125
81300,2025-07-27 19:04:29.432,1,1.40187509562422,0.857714670200955,24.156726653268834,75.00894165039062
81400,2025-07-27 19:04:29.532,1,1.5518908506929219,0.8708307538274245,24.96268685610934,72.587158203125
81500,2025-07-27 19:04:29.632,1,1.5840326236022109,0.8322897143258241,23.80298800682439,76.1236572265625
81600,2025-07-27 19:04:29.732,1,1.7875050461598592,0.8694848028032396,25.09708108929917,72.19845581054688
81700,2025-07-27 19:04:29.832,1,1.8534605210694752,0.8490990456788822,24.503387923001288,73.94775390625
81800,2025-07-27 19:04:29.932,1,1.8896386521076687,0.8104515573190345,23.67028969176532,76.5504150390625
81900,2025-07-27 19:04:30.032,1,1.9372304010860077,0.7931771667608362,23.378147197158338,77.50701904296875
82000,2025-07-27 19:04:30.132,1,2.022676543939219,0.7842873061744172,23.222250212759263,78.02734375
82100,2025-07-27 19:04:30.232,1,2.0777691007355847,0.7876107315491666,23.311638237352117,77.7281494140625
82200,2025-07-27 19:04:30.332,1,2.064835082732447,0.7558547099613584,22.399070360085958,80.8948974609375
82300,2025-07-27 19:04:30.432,1,2.1045759276444196,0.7568472963335974,22.485372338751148,80.58441162109375
82400,2025-07-27 19:04:30.532,1,2.1196089844006782,0.7455031244127307,22.349965197457372,81.0726318359375
82500,2025-07-27 19:04:30.632,1,2.099061622393572,0.7227383628419342,21.95075804742016,82.54705810546875
82600,2025-07-27 19:04:30.732,1,2.0882785527766163,0.7109121569796331,21.74118313159211,83.3427734375
82700,2025-07-27 19:04:30.832,1,2.053147248741347,0.6948007576460061,21.385927722154868,84.72723388671875
82800,2025-07-27 19:04:30.932,1,1.9865601687913164,0.6721117230009989,20.972171166417372,86.3988037109375
82900,2025-07-27 19:04:31.032,1,1.9555737395796642,0.6696006499123953,21.159346354613454,85.634521484375
83000,2025-07-27 19:04:31.132,1,1.8793071145871996,0.64875110052173,20.815666706159544,87.04840087890625
83100,2025-07-27 19:04:31.232,1,1.8032642175613252,0.6319332412134276,20.488330586810953,88.43914794921875
83200,2025-07-27 19:04:31.332,1,1.6968861655594025,0.6136039371226,19.955624929497958,90.79998779296875
83300,2025-07-27 19:04:31.432,1,1.6229705798479883,0.6014607520755377,19.80329973917287,91.4984130859375
83400,2025-07-27 19:04:31.532,1,1.523907195001127,0.5952860207942948,19.63321445118365,92.29107666015625
83500,2025-07-27 19:04:31.632,1,1.4440175459074247,0.577992046871235,19.235913993649724,94.197265625
83600,2025-07-27 19:04:31.732,1,1.3446775745574011,0.5683388726936923,19.014637063752133,95.29345703125
83700,2025-07-27 19:04:31.832,1,1.2848511563193645,0.5571633141287172,18.848317162778326,96.13433837890625
83800,2025-07-27 19:04:31.932,1,1.1911935524907258,0.5344050206228084,18.414501111849454,98.39910888671875
83900,2025-07-27 19:04:32.032,1,1.1402844649344843,0.5228185440775414,18.34997569103956,98.7451171875
84000,2025-07-27 19:04:32.132,1,1.0564633145885494,0.5072410787254712,18.022475592182705,100.53948974609375
84100,2025-07-27 19:04:32.232,1,0.9990756711645599,0.4974171830249567,17.8446454308821,101.54141235351562
84200,2025-07-27 19:04:32.332,1,0.9271371879910117,0.4777147235730199,17.489639251484054,103.60250854492188
84300,2025-07-27 19:04:32.432,1,0.8673668530930964,0.46256376267980837,17.161840900191315,105.58135986328125
84400,2025-07-27 19:04:32.532,1,0.7875079411614769,0.44350201068226147,16.770187992158956,108.047119140625
84500,2025-07-27 19:04:32.632,1,0.7327967502667195,0.4307228770525612,16.47883670354235,109.95742797851562
84600,2025-07-27 19:04:32.732,1,0.6589147892391171,0.41098044027162883,16.083551351455068,112.65985107421875
84700,2025-07-27 19:04:32.832,1,0.6130049789571028,0.39589689845604936,15.954253904545004,113.5728759765625
84800,2025-07-27 19:04:32.932,1,0.5394224568757999,0.3753437192810265,15.481060155513646,117.04434204101562
84900,2025-07-27 19:04:33.032,1,0.4920870672685418,0.35121321830852603,15.209585962265374,119.13345336914062
85000,2025-07-27 19:04:33.132,1,0.4201259769373185,0.3235328644210485,14.79624038556,122.4615478515625
85100,2025-07-27 19:04:33.232,1,0.37136810668346937,0.3067463766961884,14.433273844148134,125.54119873046875
85200,2025-07-27 19:04:33.332,1,0.3153170840797462,0.28861053502327005,13.871103766510599,130.629150390625
85300,2025-07-27 19:04:33.432,1,0.25846559371164873,0.2696059618035464,13.696343601130335,132.29592895507812
85400,2025-07-27 19:04:33.532,1,0.19988067259302944,0.24792048317282023,13.319633231550071,136.03756713867188
85500,2025-07-27 19:04:33.632,1,0.15573170800373107,0.22779513303502055,13.022298549385868,139.1436767578125
85600,2025-07-27 19:04:33.732,1,0.10082011430308292,0.2015917426357799,12.56419135518917,144.217041015625
85700,2025-07-27 19:04:33.832,1,0.06187597045510389,0.17976182403297206,12.253547326210215,147.87313842773438
85800,2025-07-27 19:04:33.932,1,0.017960396244599802,0.15817586763155644,11.769531361547646,153.954345703125
85900,2025-07-27 19:04:34.032,1,-0.009478988270950717,0.14181445641969176,11.298573801194332,160.37161254882812
86000,2025-07-27 19:04:34.132,1,-0.06324315077357251,0.10910049119612723,10.961539831560133,165.30255126953125
86100,2025-07-27 19:04:34.232,1,-0.08468370530423652,0.08911486514393847,10.591050904946275,171.08505249023438
86200,2025-07-27 19:04:34.332,1,-0.11284936381709254,0.06566006173210881,10.223631414685663,177.23355102539062
86300,2025-07-27 19:04:34.432,1,-0.12342223673111288,0.05134849558464971,9.995116352087209,181.28558349609375
86400,2025-07-27 19:04:34.532,1,-0.13563058948010795,0.02452436581432922,9.464463514215172,191.44989013671875
86500,2025-07-27 19:04:34.632,1,-0.15279840486748933,-0.0005410895318333962,9.210445590258152,196.72994995117188
86600,2025-07-27 19:04:34.732,1,-0.14977039097672865,-0.01734339018551786,8.83326554462821,205.13031005859375
86700,2025-07-27 19:04:34.832,1,-0.14544629230518322,-0.03792517887405857,8.619761436111242,210.21121215820312
86800,2025-07-27 19:04:34.932,1,-0.12606508981262216,-0.0770463232748113,8.09435467319784,223.8560791015625
86900,2025-07-27 19:04:35.032,1,-0.10388765056797439,-0.08718080078076317,7.7444817673909006,233.96923828125
87000,2025-07-27 19:04:35.132,1,-0.07190139896930917,-0.11527523525692557,7.279682625294394,248.90789794921875
87100,2025-07-27 19:04:35.232,1,-0.05141302415131791,-0.14348922683062865,6.916216009463989,261.98870849609375
87200,2025-07-27 19:04:35.332,1,-0.02698105732965071,-0.18159484580882362,6.418804678429002,282.29095458984375
87300,2025-07-27 19:04:35.432,1,-0.018018635324585357,-0.18520041538036702,6.134424116387981,295.37744140625
87400,2025-07-27 19:04:35.532,1,-0.011380202769785413,-0.20047250804389047,5.874576418918482,308.4427490234375
87500,2025-07-27 19:04:35.632,1,-0.016014584413668875,-0.1978404319941217,5.733014182617773,316.0589599609375
87600,2025-07-27 19:04:35.732,1,-0.021282750414320897,-0.20431241858210536,5.590473733561475,324.1175231933594
87700,2025-07-27 19:04:35.832,1,-0.02647085099353,-0.21592942754275493,5.560110779972066,325.8874816894531
87800,2025-07-27 19:04:35.932,1,-0.024076795018677922,-0.22902401235290865,5.574508674595384,325.0457763671875
87900,2025-07-27 19:04:36.032,1,-0.007665712767532349,-0.23375257681269204,5.560120672794296,325.88690185546875
88000,2025-07-27 19:04:36.132,1,0.022388657506321484,-0.2403031695316466,5.564331961709943,325.6402587890625
88100,2025-07-27 19:04:36.232,1,0.04679493542942818,-0.2433811055108393,5.53748982905007,327.21875
88200,2025-07-27 19:04:36.332,1,0.07134768713327208,-0.24371939275465804,5.558949919532415,325.9555358886719
88300,2025-07-27 19:04:36.432,1,0.07915521797335937,-0.241952316296785,5.535796920687937,327.3188171386719
88400,2025-07-27 19:04:36.532,1,0.08952876287510783,-0.2380345365438264,5.5203259223375865,328.23614501953125
88500,2025-07-27 19:04:36.632,1,0.09397099685350631,-0.23461819770399364,5.536553670943993,327.2740783691406
88600,2025-07-27 19:04:36.732,1,0.1079913246284556,-0.23343338203627387,5.530308677711721,327.6436462402344
88700,2025-07-27 19:04:36.832,1,0.1276931909780255,-0.23714861628936595,5.577891198395783,324.8486633300781
88800,2025-07-27 19:04:36.932,1,0.15270945656458668,-0.23950789146606,5.556528249788816,326.09759521484375
88900,2025-07-27 19:04:37.032,1,0.15810356243266277,-0.24260752027589708,5.634716678507112,321.5726013183594
89000,2025-07-27 19:04:37.132,1,0.16603136102801394,-0.2422580386726126,5.614437699891274,322.7341003417969
89100,2025-07-27 19:04:37.232,1,0.16918530906396353,-0.24374605801071836,5.597525002015864,323.709228515625
89200,2025-07-27 19:04:37.332,1,0.1673487911080585,-0.2435319106535552,5.593075768418532,323.96673583984375
89300,2025-07-27 19:04:37.432,1,0.1677892946549812,-0.24215912700615308,5.61616365034565,322.6349182128906
89400,2025-07-27 19:04:37.532,1,0.1611736014917497,-0.24031355937191773,5.632411820477672,321.7041931152344
89500,2025-07-27 19:04:37.632,1,0.15175347323140834,-0.24210699179481945,5.674715939387548,319.3059387207031
89600,2025-07-27 19:04:37.732,1,0.14691595612626715,-0.24207005284373911,5.672948940385567,319.4053955078125
89700,2025-07-27 19:04:37.832,1,0.14899622407191937,-0.2417268399403865,5.664241737812305,319.8963928222656
89800,2025-07-27 19:04:37.932,1,0.14895103781993563,-0.24093346953656064,5.645416260414524,320.963134765625
89900,2025-07-27 19:04:38.032,1,0.1451203013290559,-0.24211565150350856,5.644359551675297,321.0232238769531
90000,2025-07-27 19:04:38.132,1,0.14376639550111647,-0.2417442208246827,5.637345619510476,321.4226379394531
90100,2025-07-27 19:04:38.232,1,0.14326352213189952,-0.24154165984636117,5.63730333589648,321.425048828125
90200,2025-07-27 19:04:38.332,1,0.14673845393570167,-0.2438497378271697,5.657307702471868,320.2884826660156
90300,2025-07-27 19:04:38.432,1,0.1470033372846458,-0.24435805468797783,5.666828537122397,319.7503662109375
90400,2025-07-27 19:04:38.532,1,0.1518350648969785,-0.24399519913320983,5.6588751170603375,320.19976806640625
90500,2025-07-27 19:04:38.632,1,0.15173182890697542,-0.24490244756632398,5.680348503658968,318.98931884765625
90600,2025-07-27 19:04:38.732,1,0.15710428175599261,-0.24457027089746275,5.672797720356209,319.4139099121094
90700,2025-07-27 19:04:38.832,1,0.1595139588498806,-0.2441837387389079,5.663933749849912,319.9137878417969
90800,2025-07-27 19:04:38.932,1,0.16457374423997093,-0.2450002238502874,5.679342780561706,319.0458068847656
90900,2025-07-27 19:04:39.032,1,0.17180969335663207,-0.24546670274423593,5.637688728998039,321.403076171875
91000,2025-07-27 19:04:39.132,1,0.17340771890986093,-0.24520756695540605,5.6300832217961405,321.8372497558594
91100,2025-07-27 19:04:39.232,1,0.170191741858675,-0.24551711484477753,5.637883586676351,321.3919677734375
91200,2025-07-27 19:04:39.332,1,0.16867245409831924,-0.24605282459939226,5.651680907303404,320.60736083984375
91300,2025-07-27 19:04:39.432,1,0.17024514524537257,-0.2452076674168608,5.649490624072147,320.7316589355469
91400,2025-07-27 19:04:39.532,1,0.17591342490251216,-0.23620805618912816,5.64489241831404,320.992919921875
91500,2025-07-27 19:04:39.632,1,0.1699520562315625,-0.22776675695594836,5.643063490563829,321.0969543457031
91600,2025-07-27 19:04:39.732,1,0.16772052015285543,-0.20389325149603452,5.6357868975588605,321.51153564453125
91700,2025-07-27 19:04:39.832,1,0.17196674036752654,-0.18409142223229277,5.554121677842285,326.2388916015625
91800,2025-07-27 19:04:39.932,1,0.174771745568989,-0.16814814450171914,5.6094500962405816,323.02105712890625
91900,2025-07-27 19:04:40.032,1,0.17226756936335136,-0.15162980723162373,5.60343519681956,323.3677978515625
92000,2025-07-27 19:04:40.132,1,0.17470290875003971,-0.11989201915773251,5.529353318775447,327.70025634765625
92100,2025-07-27 19:04:40.232,1,0.17295314387662103,-0.10678370917962224,5.541121791354968,327.0042724609375
92200,2025-07-27 19:04:40.332,1,0.17208448258981135,-0.0845338962409459,5.527922700422516,327.7850646972656
92300,2025-07-27 19:04:40.432,1,0.17305963840862154,-0.07110559775816339,5.522401769632859,328.1127624511719
92400,2025-07-27 19:04:40.532,1,0.17143295638242048,-0.04919756236387489,5.578960906543785,324.786376953125
92500,2025-07-27 19:04:40.632,1,0.17401186465326562,-0.0350292305768247,5.563277759630021,325.70196533203125
92600,2025-07-27 19:04:40.732,1,0.17525381672171883,-0.012679538245855337,5.555928230924258,326.1328125
92700,2025-07-27 19:04:40.832,1,0.17126587630996756,0.0026735714967010284,5.5572157790464995,326.0572509765625
92800,2025-07-27 19:04:40.932,1,0.17075749199568618,0.025518256633524403,5.5515318759840655,326.3910827636719
92900,2025-07-27 19:04:41.032,1,0.17176503156832149,0.038870606573220466,5.560868984589431,325.8430480957031
93000,2025-07-27 19:04:41.132,1,0.16859435845796397,0.06649494495215366,5.575135747163015,325.00921630859375
93100,2025-07-27 19:04:41.232,1,0.17099380081044893,0.07822642028004108,5.569168576514252,325.3574523925781
93200,2025-07-27 19:04:41.332,1,0.17108498205919742,0.1027310775287561,5.568210189334602,325.4134521484375
93300,2025-07-27 19:04:41.432,1,0.173403006978114,0.11819872874459249,5.553201182792812,326.29296875
93400,2025-07-27 19:04:41.532,1,0.17010760661389976,0.14054304214401978,5.534997034527575,327.3661193847656
93500,2025-07-27 19:04:41.632,1,0.162874776160863,0.15181803369002062,5.530547697819232,327.6294860839844
93600,2025-07-27 19:04:41.732,1,0.15523813499239753,0.17584373580156293,5.528320048742882,327.7615051269531
93700,2025-07-27 19:04:41.832,1,0.1511268451397797,0.19420267276947129,5.5470823570239025,326.65289306640625
93800,2025-07-27 19:04:41.932,1,0.14422077501560837,0.2224170575635702,5.551312837748111,326.4039611816406
93900,2025-07-27 19:04:42.032,1,0.1455106858496304,0.2340459331008178,5.53462452130299,327.3881530761719
94000,2025-07-27 19:04:42.132,1,0.1417211933284738,0.25788975071530634,5.545351986371558,326.75482177734375
94100,2025-07-27 19:04:42.232,1,0.14323512475544972,0.26908316004560234,5.554643357887377,326.208251953125
94200,2025-07-27 19:04:42.332,1,0.1446060761876273,0.29488898761177884,5.566121161133282,325.53558349609375
94300,2025-07-27 19:04:42.432,1,0.15003644482824863,0.3074210866311527,5.576840233735831,324.9098815917969
94400,2025-07-27 19:04:42.532,1,0.15654892209063404,0.33240307909876776,5.553088998840918,326.299560546875
94500,2025-07-27 19:04:42.632,1,0.16049119910077747,0.34439968813509647,5.541973624808446,326.9540100097656
94600,2025-07-27 19:04:42.732,1,0.1615595983054505,0.3693845736274495,5.564280337172815,325.6432800292969
94700,2025-07-27 19:04:42.832,1,0.16516964909446225,0.38402737888413024,5.539563619195122,327.09625244140625
94800,2025-07-27 19:04:42.932,1,0.16977567952205844,0.40886621237239784,5.5287004654828165,327.73895263671875
94900,2025-07-27 19:04:43.032,1,0.1707246246925427,0.42439006386546857,5.505014144282835,329.14910888671875
95000,2025-07-27 19:04:43.132,1,0.17296705402259605,0.44580222094224026,5.479429049255802,330.6860046386719
95100,2025-07-27 19:04:43.232,1,0.17431591303331492,0.45751432392902475,5.462733709225261,331.6966552734375
95200,2025-07-27 19:04:43.332,1,0.17419918174357849,0.48601965217011467,5.52110001084075,328.19012451171875
95300,2025-07-27 19:04:43.432,1,0.17383036807529742,0.4929547097702232,5.487897978378884,330.1756896972656
95400,2025-07-27 19:04:43.532,1,0.16854151944769866,0.521439006799152,5.49211381854364,329.9222412109375
95500,2025-07-27 19:04:43.632,1,0.1690277226809125,0.5378727204571427,5.51773779350546,328.3901062011719
95600,2025-07-27 19:04:43.732,1,0.1704259220579981,0.558366216177339,5.549599019262796,326.5047607421875
95700,2025-07-27 19:04:43.832,1,0.1712297339829455,0.5788852231839542,5.547770142400574,326.6123962402344
95800,2025-07-27 19:04:43.932,1,0.17250595492174334,0.6013071838708244,5.529367221902187,327.6994323730469
95900,2025-07-27 19:04:44.032,1,0.17119798745248774,0.6145860151922099,5.526446526856398,327.87261962890625
96000,2025-07-27 19:04:44.132,1,0.16543956002241667,0.6393370329003389,5.5405499117130095,327.03802490234375
96100,2025-07-27 19:04:44.232,1,0.16586570301482848,0.6531216951105965,5.527072093551182,327.83551025390625
96200,2025-07-27 19:04:44.332,1,0.16596630933154147,0.6814042697195385,5.559840563336476,325.9033203125
96300,2025-07-27 19:04:44.432,1,0.16934862812617524,0.6849997770218627,5.51511571816639,328.5462341308594
96400,2025-07-27 19:04:44.532,1,0.16559991988147296,0.7100347605225809,5.539846858039957,327.07952880859375
96500,2025-07-27 19:04:44.632,1,0.16682628286850618,0.7201070187124377,5.5186127147155375,328.3380432128906
96600,2025-07-27 19:04:44.732,1,0.16598329455659339,0.7485428835423749,5.559607333873072,325.9169921875
96700,2025-07-27 19:04:44.832,1,0.16964719889729965,0.759359987279822,5.53043436674433,327.6361999511719
96800,2025-07-27 19:04:44.932,1,0.16767338298100218,0.7847251826422806,5.527241370725125,327.8254699707031
96900,2025-07-27 19:04:45.032,1,0.16895574887223674,0.7959445043568816,5.507378850073179,329.0077819824219
97000,2025-07-27 19:04:45.132,1,0.16483172538864554,0.8222196637409717,5.521920021663993,328.1413879394531
97100,2025-07-27 19:04:45.232,1,0.1648510822454195,0.8397789900359384,5.5242278334323025,328.0043029785156
97200,2025-07-27 19:04:45.332,1,0.16501197075757112,0.8684197062211798,5.5283360056326405,327.76055908203125
97300,2025-07-27 19:04:45.432,1,0.16467074735885764,0.8847555771899694,5.516013892910464,328.49273681640625
97400,2025-07-27 19:04:45.532,1,0.16543752409727788,0.9042268243513734,5.541375710663619,326.9892883300781
97500,2025-07-27 19:04:45.632,1,0.16891731847651828,0.9173358703107147,5.513292088927711,328.6549072265625
97600,2025-07-27 19:04:45.732,1,0.16497016707433063,0.9463926488960045,5.521660179726138,328.1568298339844
97700,2025-07-27 19:04:45.832,1,0.16609476884080412,0.9559099785768475,5.5117884129114545,328.74456787109375
97800,2025-07-27 19:04:45.932,1,0.16466947243633195,0.9840837221648934,5.532428125901652,327.51812744140625
97900,2025-07-27 19:04:46.032,1,0.16940592774764288,0.9945295426636515,5.491156881820439,329.979736328125
98000,2025-07-27 19:04:46.132,1,0.16473518743274973,1.0190220046891345,5.514664947782236,328.5730895996094
98100,2025-07-27 19:04:46.232,1,0.16722692018973562,1.0392402616278336,5.513242942912911,328.6578369140625
98200,2025-07-27 19:04:46.332,1,0.1685112965107191,1.0563582041895223,5.485123780134329,330.3426818847656
98300,2025-07-27 19:04:46.432,1,0.166072001078096,1.0747211811398505,5.491281813228069,329.97222900390625
98400,2025-07-27 19:04:46.532,1,0.16191030022082167,1.0954127257290949,5.503722099461803,329.22637939453125
98500,2025-07-27 19:04:46.632,1,0.16463043734598193,1.1079179275988529,5.486456282178119,330.262451171875
98600,2025-07-27 19:04:46.732,1,0.16403533595212413,1.1255897940642061,5.475330605317662,330.93353271484375
98700,2025-07-27 19:04:46.832,1,0.1629967616420506,1.1386060701958975,5.481287015082827,330.57391357421875
98800,2025-07-27 19:04:46.932,1,0.16433942438763546,1.1534604223385778,5.486730059971619,330.2459716796875
98900,2025-07-27 19:04:47.032,1,0.16698597595650644,1.1656248719469016,5.472179216101241,331.1241149902344
99000,2025-07-27 19:04:47.132,1,0.1597003391527474,1.1833065278696546,5.503344602147118,329.24896240234375
99100,2025-07-27 19:04:47.232,1,0.17189013147669424,1.1777071644858252,5.445853073637713,332.7248229980469
99200,2025-07-27 19:04:47.332,1,0.16833947643862662,1.1911085745973502,5.463609874509032,331.6434631347656
99300,2025-07-27 19:04:47.432,1,0.1671770750506739,1.193164311294499,5.4755613619222085,330.9195861816406
99400,2025-07-27 19:04:47.532,1,0.16828857951817575,1.1916687357022473,5.478981059821865,330.7130432128906
99500,2025-07-27 19:04:47.632,1,0.16863159400437944,1.19571683400639,5.488279447183296,330.1527404785156
99600,2025-07-27 19:04:47.732,1,0.16851858055183097,1.1948346155005054,5.484959099652423,330.35260009765625
99700,2025-07-27 19:04:47.832,1,0.1683759568259782,1.19407725422847,5.480621179255991,330.61407470703125
